dataset,seed,method,ensemble_type,ensemble_size,ensemble_unique_size,nll_test,c1,c2,epi_scalar,ensemble_time,calibration_time,path,misclassification,threshold,set_size,auc,aurac,aorac,ece,ece_adaptive,brier_score,conformal_coverage,conformal_set_size
imdb,0,pure_logits,greedy_5_baseline,5,5,0.1149728223681449,,,,0.1274385452270507,0.0,llm_experiments_data/arrays/extended_imdb_0_pure_logits_greedy_5_baseline_2025-09-23.npz,0.03304,0.9855933637950631,1.10656,0.9932418336000001,0.9857826822410496,0.01421731775895041,0.01525055959939959,0.015637482652664184,0.05486839187922005,0.99,1.1061
imdb,0,pure_logits,greedy_50_baseline,50,19,0.1030757054686546,,,,0.1274385452270507,0.0,llm_experiments_data/arrays/extended_imdb_0_pure_logits_greedy_50_baseline_2025-09-23.npz,0.03156,0.9428485727976632,1.10484,0.9911197216,0.9836921667602381,0.016307833239761926,0.0013695108985900689,0.0035138690805434896,0.051328589572566086,0.9895,1.098
imdb,0,pure_logits,greedy_50_temp_pool_then_calibrate,50,19,0.1030492857098579,1.0163265306122449,,,0.1274385452270507,0.0122811794281005,llm_experiments_data/arrays/extended_imdb_0_pure_logits_greedy_50_temp_pool_then_calibrate_2025-09-23.npz,0.03156,0.9428485727976632,1.1076,0.991119744,0.9836921667602381,0.016307833239761926,0.0018635806083678668,0.0045679602384567156,0.05132844581317502,0.9895,1.098
imdb,0,pure_logits,greedy_5_temp_pool_then_calibrate,5,5,0.103531502187252,1.4571428571428573,,,0.1274385452270507,0.0085086822509765,llm_experiments_data/arrays/extended_imdb_0_pure_logits_greedy_5_temp_pool_then_calibrate_2025-09-23.npz,0.03304,0.947060595353925,1.10616,0.9932418399999998,0.9857836251924876,0.014216374807512366,0.010784726932048823,0.010784745342731463,0.05522692053594191,0.99,1.1061
imdb,0,pure_logits,greedy_50_temp_calibrate_then_pool,50,19,0.0977856516838073,1.7804581424406498,0.0,1.0,0.1274385452270507,9.840031623840332,llm_experiments_data/arrays/extended_imdb_0_pure_logits_greedy_50_temp_calibrate_then_pool_2025-09-23.npz,0.03168,0.9509621946209896,1.08748,0.9939596928000002,0.9863626881860448,0.013637311813955222,0.004684269516468052,0.006272453458309167,0.0508596542288019,0.99015,1.0869
imdb,0,pure_logits,greedy_5_temp_calibrate_then_pool,5,5,0.1006625220179557,1.6980924614743858,0.0,1.0,0.1274385452270507,1.2738196849822998,llm_experiments_data/arrays/extended_imdb_0_pure_logits_greedy_5_temp_calibrate_then_pool_2025-09-23.npz,0.03236,0.9509621946209896,1.10196,0.9934939808000001,0.9856877241383181,0.014312275861681933,0.003674800386428836,0.005191661128997806,0.05261848150161264,0.9907,1.10325
imdb,0,pure_logits,greedy_5_post_calib,5,5,0.1006988659501075,1.6423157017909205,0.4298209079550187,1.0,0.1274385452270507,13.318891763687134,llm_experiments_data/arrays/extended_imdb_0_pure_logits_greedy_5_post_calib_2025-09-23.npz,0.03232,0.9509621946209896,1.10292,0.9934062496,0.9856744476531746,0.014325552346825421,0.002942385001182544,0.0028231636214255972,0.05274565263548972,0.99065,1.10555
imdb,0,pure_logits,greedy_50_post_calib,50,19,0.0971838608384132,1.53076218242399,0.614743856726364,1.0,0.1274385452270507,34.18794250488281,llm_experiments_data/arrays/extended_imdb_0_pure_logits_greedy_50_post_calib_2025-09-23.npz,0.03188,0.947060595353925,1.09612,0.9931797888,0.9856426274834353,0.01435737251656466,0.0038205745625496113,0.003886437060832958,0.050645390032384247,0.9901,1.09695
imdb,1,pure_logits,greedy_5_baseline,5,5,0.1155015230178833,,,,0.1011195182800293,0.0,llm_experiments_data/arrays/extended_imdb_1_pure_logits_greedy_5_baseline_2025-09-23.npz,0.03228,0.992191306592376,1.09372,0.9937293744074037,0.9861278677191443,0.013872132280855709,0.014604223833084127,0.015171232542991648,0.0526311889659536,0.98945,1.0883
imdb,1,pure_logits,greedy_50_baseline,50,18,0.1034343913197517,,,,0.1011195182800293,0.0,llm_experiments_data/arrays/extended_imdb_1_pure_logits_greedy_50_baseline_2025-09-23.npz,0.03216,0.9579239491627013,1.11524,0.9910968269307643,0.9837534906872707,0.016246509312729307,0.004197739648818984,0.003771661641597734,0.051363411967248175,0.9918,1.1448
imdb,1,pure_logits,greedy_50_temp_pool_then_calibrate,50,18,0.1030050814151763,1.0714285714285714,,,0.1011195182800293,0.0104255676269531,llm_experiments_data/arrays/extended_imdb_1_pure_logits_greedy_50_temp_pool_then_calibrate_2025-09-23.npz,0.03216,0.947060595353925,1.11128,0.9910968173306933,0.9837534906872707,0.016246509312729307,0.003695922574996911,0.0032523998045921277,0.05133919190838582,0.9918,1.1448
imdb,1,pure_logits,greedy_5_temp_pool_then_calibrate,5,5,0.0983807742595672,1.5673469387755103,,,0.1011195182800293,0.0076947212219238,llm_experiments_data/arrays/extended_imdb_1_pure_logits_greedy_5_temp_pool_then_calibrate_2025-09-23.npz,0.03228,0.9579239491627013,1.09556,0.9937293712073798,0.9861278677191443,0.013872132280855709,0.005322243046760533,0.005178840737342812,0.05167250986254545,0.98945,1.0883
imdb,1,pure_logits,greedy_50_temp_calibrate_then_pool,50,18,0.0980682745575904,1.795052061640983,0.0,1.0,0.1011195182800293,6.092376708984375,llm_experiments_data/arrays/extended_imdb_1_pure_logits_greedy_50_temp_calibrate_then_pool_2025-09-23.npz,0.0316,0.954576248590888,1.09324,0.9938115542154028,0.9862106194066754,0.013789380593324574,0.0044834234213829245,0.006574837055206249,0.05088999999871956,0.9901,1.091
imdb,1,pure_logits,greedy_5_temp_calibrate_then_pool,5,5,0.0995601043105125,1.7804581424406498,0.0,1.0,0.1011195182800293,1.2873940467834473,llm_experiments_data/arrays/extended_imdb_1_pure_logits_greedy_5_temp_calibrate_then_pool_2025-09-23.npz,0.03156,0.9579239491627013,1.0926,0.9938454456661452,0.9862495056210112,0.013750494378988787,0.004691652667522384,0.006775319600105266,0.05151479067873739,0.9898,1.08775
imdb,1,pure_logits,greedy_5_post_calib,5,5,0.097522459924221,1.4077634319033736,1.814244064972928,1.0,0.1011195182800293,14.117453813552856,llm_experiments_data/arrays/extended_imdb_1_pure_logits_greedy_5_post_calib_2025-09-23.npz,0.0324,0.9509621946209896,1.0978,0.9934506779454958,0.9858452042860267,0.014154795713973267,0.00290714704275133,0.003137879614830058,0.05117789803360123,0.9894,1.08925
imdb,1,pure_logits,greedy_50_post_calib,50,18,0.0975896790623664,1.535360266555602,0.6697209496043316,1.0,0.1011195182800293,13.891727924346924,llm_experiments_data/arrays/extended_imdb_1_pure_logits_greedy_50_post_calib_2025-09-23.npz,0.03164,0.9509621946209896,1.10496,0.9928824081412085,0.9854834586969089,0.014516541303091102,0.0027485176038742104,0.0027879432916641184,0.050633152630066555,0.99095,1.1077
imdb,2,pure_logits,greedy_5_baseline,5,5,0.1148613765835762,,,,0.1038947105407714,0.0,llm_experiments_data/arrays/extended_imdb_2_pure_logits_greedy_5_baseline_2025-09-23.npz,0.0332,0.9885496566989003,1.09592,0.9936989271673133,0.9861212479091997,0.01387875209080025,0.01566660176753994,0.01600844338417055,0.054099826909898854,0.9885,1.084
imdb,2,pure_logits,greedy_50_baseline,50,15,0.1020261943340301,,,,0.1038947105407714,0.0,llm_experiments_data/arrays/extended_imdb_2_pure_logits_greedy_50_baseline_2025-09-23.npz,0.03128,0.947060595353925,1.1078,0.9911494599356543,0.9837227341303949,0.016277265869605095,0.0024444831633567998,0.002746486842632256,0.051258581440689024,0.98865,1.0933
imdb,2,pure_logits,greedy_50_temp_pool_then_calibrate,50,15,0.102026529610157,1.0714285714285714,,,0.1038947105407714,0.0098152160644531,llm_experiments_data/arrays/extended_imdb_2_pure_logits_greedy_50_temp_pool_then_calibrate_2025-09-23.npz,0.03128,0.9383014287164605,1.10932,0.9911494663356584,0.9837227341303949,0.016277265869605095,0.00287528962612152,0.00407591022729872,0.05127201416134645,0.98865,1.0933
imdb,2,pure_logits,greedy_5_temp_pool_then_calibrate,5,5,0.1007403060793876,1.5122448979591838,,,0.1038947105407714,0.0095963478088378,llm_experiments_data/arrays/extended_imdb_2_pure_logits_greedy_5_temp_pool_then_calibrate_2025-09-23.npz,0.0332,0.9509621946209896,1.09684,0.9936989335673175,0.9861212479091997,0.01387875209080025,0.0061631241416931215,0.006961682982444751,0.05332559853449378,0.9885,1.084
imdb,2,pure_logits,greedy_50_temp_calibrate_then_pool,50,15,0.0970130041241645,1.7804581424406498,0.0,1.0,0.1038947105407714,5.790647745132446,llm_experiments_data/arrays/extended_imdb_2_pure_logits_greedy_50_temp_calibrate_then_pool_2025-09-23.npz,0.03104,0.947060595353925,1.0898,0.9939504473282863,0.9862231415588483,0.01377685844115173,0.003954903893470712,0.007209370734691626,0.05034638223838143,0.9887,1.07805
imdb,2,pure_logits,greedy_5_temp_calibrate_then_pool,5,5,0.1005926430225372,1.7114369012911288,0.0,1.0,0.1038947105407714,1.2738680839538574,llm_experiments_data/arrays/extended_imdb_2_pure_logits_greedy_5_temp_calibrate_then_pool_2025-09-23.npz,0.03196,0.954576248590888,1.09752,0.9938787352823906,0.986188005281993,0.013811994718006981,0.004273322288990023,0.007377675349712358,0.052043913564131836,0.989,1.0846
imdb,2,pure_logits,greedy_5_post_calib,5,5,0.0998461842536926,1.4511953352769682,1.5993336109954186,1.0,0.1038947105407714,2.5493252277374268,llm_experiments_data/arrays/extended_imdb_2_pure_logits_greedy_5_post_calib_2025-09-23.npz,0.03296,0.9428485727976632,1.09696,0.9936189175161071,0.9860491217406989,0.01395087825930108,0.004164612438678733,0.005021831479072535,0.052778963421013805,0.9884,1.08605
imdb,2,pure_logits,greedy_50_post_calib,50,15,0.0963173434138298,1.6423157017909205,0.5247813411078717,1.0,0.1038947105407714,16.064687967300415,llm_experiments_data/arrays/extended_imdb_2_pure_logits_greedy_50_post_calib_2025-09-23.npz,0.03104,0.9383014287164605,1.09296,0.9935981815028361,0.9859666523114848,0.014033347688515163,0.0027853773164748697,0.004717726094722757,0.05024294292705889,0.98915,1.08615
imdb,3,pure_logits,greedy_5_baseline,5,5,0.1178968921303749,,,,0.0989115238189697,0.0,llm_experiments_data/arrays/extended_imdb_3_pure_logits_greedy_5_baseline_2025-09-23.npz,0.03408,0.9885496566989003,1.1086,0.9929577290364321,0.9855251371200042,0.014474862879995776,0.014888130598068233,0.01575205338001247,0.05556464419177586,0.98765,1.09015
imdb,3,pure_logits,greedy_50_baseline,50,19,0.1088101491332054,,,,0.0989115238189697,0.0,llm_experiments_data/arrays/extended_imdb_3_pure_logits_greedy_50_baseline_2025-09-23.npz,0.03152,0.9579239491627013,1.12536,0.9914354310589413,0.9843763147406392,0.015623685259360753,0.007522250108718835,0.007687374053001454,0.05215554208110401,0.9876,1.0887
imdb,3,pure_logits,greedy_50_temp_pool_then_calibrate,50,19,0.1058697625994682,1.126530612244898,,,0.0989115238189697,0.0101017951965332,llm_experiments_data/arrays/extended_imdb_3_pure_logits_greedy_50_temp_pool_then_calibrate_2025-09-23.npz,0.03152,0.9428485727976632,1.13264,0.9914354694593546,0.9843774795630039,0.015622520436996079,0.0030372114419936615,0.004555615024566663,0.052133618216185916,0.9876,1.0887
imdb,3,pure_logits,greedy_5_temp_pool_then_calibrate,5,5,0.105005607008934,1.4020408163265308,,,0.0989115238189697,0.0095829963684082,llm_experiments_data/arrays/extended_imdb_3_pure_logits_greedy_5_temp_pool_then_calibrate_2025-09-23.npz,0.03408,0.9610249264065008,1.10952,0.992957751436673,0.9855251371200042,0.014474862879995776,0.011324707846641495,0.01140296235561375,0.055613136878318745,0.98765,1.09015
imdb,3,pure_logits,greedy_50_temp_calibrate_then_pool,50,19,0.0995146557688713,1.7397251145356103,0.0,1.0,0.0989115238189697,12.696752786636353,llm_experiments_data/arrays/extended_imdb_3_pure_logits_greedy_50_temp_calibrate_then_pool_2025-09-23.npz,0.03136,0.9579239491627013,1.093,0.9935414217160314,0.9859399361122589,0.014060063887741059,0.00678068287849431,0.0066788425731658715,0.05169889520000445,0.9889,1.08035
imdb,3,pure_logits,greedy_5_temp_calibrate_then_pool,5,5,0.1031830087304115,1.657009579341941,0.0,1.0,0.0989115238189697,37.16633057594299,llm_experiments_data/arrays/extended_imdb_3_pure_logits_greedy_5_temp_calibrate_then_pool_2025-09-23.npz,0.03292,0.9610249264065008,1.10664,0.993117029950255,0.9856704619611472,0.01432953803885284,0.007147747347354889,0.007182417871952052,0.05404826724077853,0.98895,1.09095
imdb,3,pure_logits,greedy_5_post_calib,5,5,0.1030147820711135,1.6290712203248647,0.326530612244898,1.0,0.0989115238189697,2.563664197921753,llm_experiments_data/arrays/extended_imdb_3_pure_logits_greedy_5_post_calib_2025-09-23.npz,0.03296,0.9610249264065008,1.10712,0.9930797879495905,0.9856557698467598,0.014344230153240156,0.006199665393829327,0.006199677045345327,0.053963287907065775,0.9888,1.0923
imdb,3,pure_logits,greedy_50_post_calib,50,19,0.0991458222270011,1.53076218242399,0.6397334443981675,1.0,0.0989115238189697,18.334806203842163,llm_experiments_data/arrays/extended_imdb_3_pure_logits_greedy_50_post_calib_2025-09-23.npz,0.03168,0.9509621946209896,1.10636,0.9926662123001784,0.9852994148103915,0.014700585189608484,0.0053299737787246716,0.006039988727569602,0.05138871764871938,0.988,1.0816
imdb,4,pure_logits,greedy_5_baseline,5,5,0.122335098683834,,,,0.1000404357910156,0.0,llm_experiments_data/arrays/extended_imdb_4_pure_logits_greedy_5_baseline_2025-09-23.npz,0.03324,0.992191306592376,1.09308,0.9935110521355315,0.9859904463908261,0.014009553609173886,0.01687234150648119,0.017315869352817568,0.05484371155365334,0.9884,1.08405
imdb,4,pure_logits,greedy_50_baseline,50,14,0.1074721291661262,,,,0.1000404357910156,0.0,llm_experiments_data/arrays/extended_imdb_4_pure_logits_greedy_50_baseline_2025-09-23.npz,0.03332,0.9579239491627013,1.11416,0.9906149942389754,0.983564856504251,0.01643514349574904,0.004783966190815018,0.005173490259647402,0.05334408032315829,0.98835,1.0964
imdb,4,pure_logits,greedy_50_temp_pool_then_calibrate,50,14,0.1072030439972877,1.0163265306122449,,,0.1000404357910156,0.0105204582214355,llm_experiments_data/arrays/extended_imdb_4_pure_logits_greedy_50_temp_pool_then_calibrate_2025-09-23.npz,0.03332,0.954576248590888,1.10916,0.9906150070389766,0.983564856504251,0.01643514349574904,0.003919986548423726,0.004157536711692858,0.05331708084275673,0.98835,1.0964
imdb,4,pure_logits,greedy_5_temp_pool_then_calibrate,5,5,0.1014102846384048,1.5122448979591838,,,0.1000404357910156,0.0076649188995361,llm_experiments_data/arrays/extended_imdb_4_pure_logits_greedy_5_temp_pool_then_calibrate_2025-09-23.npz,0.03324,0.9610249264065008,1.09328,0.9935110905355358,0.9859904463908261,0.014009553609173886,0.00818303530216221,0.008392656030654921,0.05337755200971712,0.9884,1.08405
imdb,4,pure_logits,greedy_50_temp_calibrate_then_pool,50,14,0.1013219058513641,1.657009579341941,0.0,1.0,0.1000404357910156,5.932125806808472,llm_experiments_data/arrays/extended_imdb_4_pure_logits_greedy_50_temp_calibrate_then_pool_2025-09-23.npz,0.03308,0.9610249264065008,1.09576,0.9936475705495111,0.9860724021885409,0.013927597811459136,0.008922298262119335,0.008922292895317116,0.05304093786142083,0.9894,1.08895
imdb,4,pure_logits,greedy_5_temp_calibrate_then_pool,5,5,0.1026538833975792,1.7114369012911288,0.0,1.0,0.1000404357910156,6.030805826187134,llm_experiments_data/arrays/extended_imdb_4_pure_logits_greedy_5_temp_calibrate_then_pool_2025-09-23.npz,0.03304,0.9638973636691187,1.09736,0.9936737945521966,0.9860831605803286,0.013916839419671367,0.008998252594470988,0.009066183047294604,0.05360124849016759,0.9884,1.0811
imdb,4,pure_logits,greedy_5_post_calib,5,5,0.1012125760316848,1.5184173261141192,1.1895043731778423,1.0,0.1000404357910156,2.53559947013855,llm_experiments_data/arrays/extended_imdb_4_pure_logits_greedy_5_post_calib_2025-09-23.npz,0.0334,0.9638973636691187,1.09736,0.9935274553372114,0.9859986627997077,0.014001337200292285,0.006935789630413075,0.007152657868862105,0.05316188577930995,0.9882,1.0826
imdb,4,pure_logits,greedy_50_post_calib,50,14,0.1013088077306747,1.4192086630570595,0.6097459391920034,1.0,0.1000404357910156,11.236779928207396,llm_experiments_data/arrays/extended_imdb_4_pure_logits_greedy_50_post_calib_2025-09-23.npz,0.03296,0.9579239491627013,1.10228,0.9926363928459666,0.9852987490617404,0.01470125093825958,0.007461977860927604,0.007461881725788152,0.05276885888831696,0.9892,1.09165
mteb/tweet_sentiment_extraction,0,pure_logits,greedy_5_baseline,5,5,0.5085240006446838,,,,4.590924739837647,0.0,llm_experiments_data/arrays/extended_mteb_tweet_sentiment_extraction_0_pure_logits_greedy_5_baseline_2025-09-23.npz,0.19524617996604415,0.9804316278758956,2.413978494623656,0.9290633270075307,0.9066999582004225,0.09330004179957752,0.023716453270987738,0.024754308935741823,0.28168347601056487,0.9936350777934936,2.5063649222065063
mteb/tweet_sentiment_extraction,0,pure_logits,greedy_50_baseline,50,21,0.4772296249866485,,,,4.590924739837647,0.0,llm_experiments_data/arrays/extended_mteb_tweet_sentiment_extraction_0_pure_logits_greedy_50_baseline_2025-09-23.npz,0.18845500848896435,0.9690227498992263,2.1723259762309,0.9368018379395576,0.9174950269338471,0.0825049730661529,0.03363745552068656,0.03351194208701857,0.27302437204942087,0.9936350777934936,2.3323903818953324
mteb/tweet_sentiment_extraction,0,pure_logits,greedy_50_temp_pool_then_calibrate,50,21,0.4756306111812591,1.0714285714285714,,,4.590924739837647,0.0089921951293945,llm_experiments_data/arrays/extended_mteb_tweet_sentiment_extraction_0_pure_logits_greedy_50_temp_pool_then_calibrate_2025-09-23.npz,0.18845500848896435,0.9610249264065008,2.1661007357102435,0.9368225785097898,0.917528046939206,0.08247195306079402,0.026254803633784324,0.025865168197383045,0.2715013994446972,0.9936350777934936,2.3306223479490806
mteb/tweet_sentiment_extraction,0,pure_logits,greedy_5_temp_pool_then_calibrate,5,5,0.5069676637649536,1.0714285714285714,,,4.590924739837647,0.0090553760528564,llm_experiments_data/arrays/extended_mteb_tweet_sentiment_extraction_0_pure_logits_greedy_5_temp_pool_then_calibrate_2025-09-23.npz,0.19524617996604415,0.9753793916128501,2.4193548387096775,0.9290695234186525,0.9067197252154624,0.0932802747845376,0.01725812410660632,0.027229209251840976,0.2816774492904298,0.993988684582744,2.4932814710042432
mteb/tweet_sentiment_extraction,0,pure_logits,greedy_50_temp_calibrate_then_pool,50,21,0.4708002209663391,1.6423157017909205,0.0,1.0,4.590924739837647,8.206713676452637,llm_experiments_data/arrays/extended_mteb_tweet_sentiment_extraction_0_pure_logits_greedy_50_temp_calibrate_then_pool_2025-09-23.npz,0.18845500848896435,0.9428485727976632,2.020656479909451,0.9415639636146627,0.9262935464289581,0.07370645357104189,0.047262057754773476,0.04149786216361278,0.26877233918778237,0.9971711456859972,2.274045261669024
mteb/tweet_sentiment_extraction,0,pure_logits,greedy_5_temp_calibrate_then_pool,5,5,0.4807940423488617,1.53076218242399,0.0,1.0,4.590924739837647,1.6397099494934082,llm_experiments_data/arrays/extended_mteb_tweet_sentiment_extraction_0_pure_logits_greedy_5_temp_calibrate_then_pool_2025-09-23.npz,0.19100169779286927,0.9579239491627013,2.214204867006225,0.9379113993176187,0.9208516651220418,0.07914833487795825,0.03627976302919784,0.030359081261968894,0.2734393730730333,0.9946958981612447,2.283946251768034
mteb/tweet_sentiment_extraction,0,pure_logits,greedy_5_post_calib,5,5,0.4809848666191101,1.5060724698042485,0.2448979591836734,1.0,4.590924739837647,3.2320878505706787,llm_experiments_data/arrays/extended_mteb_tweet_sentiment_extraction_0_pure_logits_greedy_5_post_calib_2025-09-23.npz,0.19128466327108093,0.9610249264065008,2.257215619694397,0.9375954362587753,0.9202552172681663,0.07974478273183372,0.03453921759000389,0.02785694485305728,0.27347846826291117,0.9943422913719944,2.2842998585572842
mteb/tweet_sentiment_extraction,0,pure_logits,greedy_50_post_calib,50,21,0.4686969518661499,1.4393002915451896,0.6547271970012495,1.0,4.590924739837647,24.458659410476685,llm_experiments_data/arrays/extended_mteb_tweet_sentiment_extraction_0_pure_logits_greedy_50_post_calib_2025-09-23.npz,0.19015280135823429,0.9509621946209896,2.0512167515563102,0.9404750961557914,0.9238375424651475,0.07616245753485251,0.03837789731742166,0.0384756247151957,0.26870015401046254,0.9968175388967468,2.281117397454031
mteb/tweet_sentiment_extraction,1,pure_logits,greedy_5_baseline,5,5,0.5095067620277405,,,,0.0948724746704101,0.0,llm_experiments_data/arrays/extended_mteb_tweet_sentiment_extraction_1_pure_logits_greedy_5_baseline_2025-09-23.npz,0.1853423882286361,0.9855933637950631,2.2736276174306735,0.934845249918851,0.9096469903512447,0.09035300964875526,0.026420891976450936,0.038333906534369806,0.27869575135249086,0.9883309759547383,2.1913012729844414
mteb/tweet_sentiment_extraction,1,pure_logits,greedy_50_baseline,50,23,0.4770248830318451,,,,0.0948724746704101,0.0,llm_experiments_data/arrays/extended_mteb_tweet_sentiment_extraction_1_pure_logits_greedy_50_baseline_2025-09-23.npz,0.18562535370684777,0.9690227498992263,2.199773627617431,0.9369353206473603,0.9158784078673936,0.0841215921326064,0.023473635206265706,0.024208943791219437,0.27075797928907086,0.9929278642149929,2.285007072135785
mteb/tweet_sentiment_extraction,1,pure_logits,greedy_50_temp_pool_then_calibrate,50,23,0.4765161573886871,1.0714285714285714,,,0.0948724746704101,0.0102887153625488,llm_experiments_data/arrays/extended_mteb_tweet_sentiment_extraction_1_pure_logits_greedy_50_temp_pool_then_calibrate_2025-09-23.npz,0.18562535370684777,0.9638973636691187,2.229202037351443,0.9369683244756878,0.9160306854239558,0.08396931457604417,0.02179075870293985,0.024164095773964063,0.26976898039362907,0.9936350777934936,2.2913719943422914
mteb/tweet_sentiment_extraction,1,pure_logits,greedy_5_temp_pool_then_calibrate,5,5,0.5042905211448669,1.126530612244898,,,0.0948724746704101,0.0094611644744873,llm_experiments_data/arrays/extended_mteb_tweet_sentiment_extraction_1_pure_logits_greedy_5_temp_pool_then_calibrate_2025-09-23.npz,0.1853423882286361,0.9771939142407526,2.248443689869836,0.9347352591141966,0.9098414561450724,0.09015854385492761,0.01808609443663473,0.03225005683280953,0.27830207609507646,0.9904526166902404,2.2086280056577086
mteb/tweet_sentiment_extraction,1,pure_logits,greedy_50_temp_calibrate_then_pool,50,23,0.4692703485488891,1.6290712203248647,0.0,1.0,0.0948724746704101,8.284047603607178,llm_experiments_data/arrays/extended_mteb_tweet_sentiment_extraction_1_pure_logits_greedy_50_temp_calibrate_then_pool_2025-09-23.npz,0.18590831918505943,0.9428485727976632,2.006508205998868,0.9415602411568985,0.9259691366591923,0.07403086334080766,0.037358159929868094,0.042753544916996004,0.26764317942378657,0.9936350777934936,2.1060820367751063
mteb/tweet_sentiment_extraction,1,pure_logits,greedy_5_temp_calibrate_then_pool,5,5,0.4752934277057647,1.573744273219492,0.0,1.0,0.0948724746704101,17.512184381484985,llm_experiments_data/arrays/extended_mteb_tweet_sentiment_extraction_1_pure_logits_greedy_5_temp_calibrate_then_pool_2025-09-23.npz,0.18562535370684777,0.9428485727976632,2.0407470288624787,0.9399267434941104,0.9221501480933829,0.07784985190661708,0.045572501955628744,0.037430728104199534,0.27028009808267134,0.9929278642149929,2.15983026874116
mteb/tweet_sentiment_extraction,1,pure_logits,greedy_5_post_calib,5,5,0.4754492342472076,1.5481549354435653,0.2448979591836734,1.0,0.0948724746704101,3.732641696929932,llm_experiments_data/arrays/extended_mteb_tweet_sentiment_extraction_1_pure_logits_greedy_5_post_calib_2025-09-23.npz,0.18590831918505943,0.9428485727976632,2.0336728919071874,0.9397133926185394,0.9215550469616146,0.07844495303838539,0.04596922604391381,0.034201496053565074,0.2703119406918448,0.9929278642149929,2.1651343705799153
mteb/tweet_sentiment_extraction,1,pure_logits,greedy_50_post_calib,50,23,0.467235267162323,1.4511953352769682,0.5847563515201999,1.0,0.0948724746704101,49.96438455581665,llm_experiments_data/arrays/extended_mteb_tweet_sentiment_extraction_1_pure_logits_greedy_50_post_calib_2025-09-23.npz,0.1861912846632711,0.9509621946209896,2.0534804753820035,0.9407784341816701,0.9237147752504838,0.07628522474951616,0.03503677955642554,0.036162266858769596,0.26719397732348216,0.9932814710042432,2.087694483734088
mteb/tweet_sentiment_extraction,2,pure_logits,greedy_5_baseline,5,5,0.4976391792297363,,,,0.0964767932891845,0.0,llm_experiments_data/arrays/extended_mteb_tweet_sentiment_extraction_2_pure_logits_greedy_5_baseline_2025-09-23.npz,0.18704018109790604,0.9804316278758956,2.43350311262026,0.9314046892508365,0.9087807909804045,0.09121920901959546,0.021268171682557475,0.024986377790207667,0.27504912371534945,0.9869165487977369,2.297029702970297
mteb/tweet_sentiment_extraction,2,pure_logits,greedy_50_baseline,50,23,0.4738423824310303,,,,0.0964767932891845,0.0,llm_experiments_data/arrays/extended_mteb_tweet_sentiment_extraction_2_pure_logits_greedy_50_baseline_2025-09-23.npz,0.18138087153367288,0.9753793916128501,2.32088285229202,0.936693719732232,0.9137641726061754,0.08623582739382463,0.016221128796276303,0.021270879974929213,0.2671989292594304,0.9851485148514851,2.0887553041018387
mteb/tweet_sentiment_extraction,2,pure_logits,greedy_50_temp_pool_then_calibrate,50,23,0.4736723005771637,1.0163265306122449,,,0.0964767932891845,0.0114471912384033,llm_experiments_data/arrays/extended_mteb_tweet_sentiment_extraction_2_pure_logits_greedy_50_temp_pool_then_calibrate_2025-09-23.npz,0.18138087153367288,0.9734204999598582,2.309564233163554,0.9367032704706872,0.9137904835651531,0.08620951643484687,0.014261983001913552,0.02083563741378752,0.2670019403452007,0.9844413012729845,2.0855728429985856
mteb/tweet_sentiment_extraction,2,pure_logits,greedy_5_temp_pool_then_calibrate,5,5,0.4971521198749542,1.0714285714285714,,,0.0964767932891845,0.0118372440338134,llm_experiments_data/arrays/extended_mteb_tweet_sentiment_extraction_2_pure_logits_greedy_5_temp_pool_then_calibrate_2025-09-23.npz,0.18704018109790604,0.9753793916128501,2.437181663837012,0.9314293347966417,0.9087833927053246,0.0912166072946754,0.021454566926286937,0.025148132441741425,0.27543816449321257,0.987977369165488,2.312234794908062
mteb/tweet_sentiment_extraction,2,pure_logits,greedy_50_temp_calibrate_then_pool,50,23,0.4690310955047607,1.6555601832569764,0.0,1.0,0.0964767932891845,16.75113081932068,llm_experiments_data/arrays/extended_mteb_tweet_sentiment_extraction_2_pure_logits_greedy_50_temp_calibrate_then_pool_2025-09-23.npz,0.17940011318619128,0.9428485727976632,2.0407470288624787,0.9411109709033832,0.9255276048290312,0.07447239517096882,0.032113420133477386,0.03399897085520665,0.2655534439870901,0.9893917963224894,1.9862093352192363
mteb/tweet_sentiment_extraction,2,pure_logits,greedy_5_temp_calibrate_then_pool,5,5,0.4765774309635162,1.535360266555602,0.0,1.0,0.0964767932891845,1.7006855010986328,llm_experiments_data/arrays/extended_mteb_tweet_sentiment_extraction_2_pure_logits_greedy_5_temp_calibrate_then_pool_2025-09-23.npz,0.18788907753254103,0.9509621946209896,2.128466327108093,0.9387591359937408,0.921750110676686,0.078249889323314,0.031705620586366126,0.03225608170875803,0.2703524826089323,0.9872701555869873,2.007425742574257
mteb/tweet_sentiment_extraction,2,pure_logits,greedy_5_post_calib,5,5,0.4765148460865021,1.53076218242399,0.163265306122449,1.0,0.0964767932891845,4.0783984661102295,llm_experiments_data/arrays/extended_mteb_tweet_sentiment_extraction_2_pure_logits_greedy_5_post_calib_2025-09-23.npz,0.18760611205432937,0.9509621946209896,2.1338426711941145,0.9386861000449396,0.9215001907713816,0.07849980922861843,0.03113211906421772,0.0286474490172457,0.2702346144943771,0.9876237623762376,2.016265912305516
mteb/tweet_sentiment_extraction,2,pure_logits,greedy_50_post_calib,50,23,0.4665455818176269,1.4511953352769682,0.599750104123282,1.0,0.0964767932891845,22.82037377357483,llm_experiments_data/arrays/extended_mteb_tweet_sentiment_extraction_2_pure_logits_greedy_50_post_calib_2025-09-23.npz,0.18024900962082627,0.9509621946209896,2.058573853989813,0.9403062099207077,0.9230100863295325,0.07698991367046748,0.02685155434060651,0.02525944412429253,0.26500029402071607,0.9883309759547383,2.008840169731259
mteb/tweet_sentiment_extraction,3,pure_logits,greedy_5_baseline,5,5,0.5257154107093811,,,,0.0988638401031494,0.0,llm_experiments_data/arrays/extended_mteb_tweet_sentiment_extraction_3_pure_logits_greedy_5_baseline_2025-09-23.npz,0.1853423882286361,0.9908993078017677,2.1661007357102435,0.932248968947022,0.9151641717787296,0.08483582822127045,0.055160703695151,0.05776320277261546,0.28201984551111003,0.9929278642149929,2.2111032531824613
mteb/tweet_sentiment_extraction,3,pure_logits,greedy_50_baseline,50,21,0.4848136305809021,,,,0.0988638401031494,0.0,llm_experiments_data/arrays/extended_mteb_tweet_sentiment_extraction_3_pure_logits_greedy_50_baseline_2025-09-23.npz,0.19043576683644595,0.9734204999598582,2.2439162422184493,0.934640193481001,0.9130203474338409,0.08697965256615914,0.03096345148824609,0.02937462187177662,0.27473116014428595,0.9929278642149929,2.3394625176803396
mteb/tweet_sentiment_extraction,3,pure_logits,greedy_50_temp_pool_then_calibrate,50,21,0.4842931032180786,1.0163265306122449,,,0.0988638401031494,0.0123233795166015,llm_experiments_data/arrays/extended_mteb_tweet_sentiment_extraction_3_pure_logits_greedy_50_temp_pool_then_calibrate_2025-09-23.npz,0.19043576683644595,0.9713057528362042,2.233446519524618,0.9346420326298266,0.9129872550448366,0.08701274495516342,0.02881698380369348,0.026850105580058417,0.2743938126756016,0.9929278642149929,2.341937765205092
mteb/tweet_sentiment_extraction,3,pure_logits,greedy_5_temp_pool_then_calibrate,5,5,0.4929020404815674,1.4020408163265308,,,0.0988638401031494,0.0083847045898437,llm_experiments_data/arrays/extended_mteb_tweet_sentiment_extraction_3_pure_logits_greedy_5_temp_pool_then_calibrate_2025-09-23.npz,0.1853423882286361,0.9665581041966967,2.1774193548387095,0.9322445213273028,0.9149139219331893,0.08508607806681068,0.028875040886559997,0.030302344825082938,0.2773196326143799,0.993988684582744,2.276166902404526
mteb/tweet_sentiment_extraction,3,pure_logits,greedy_50_temp_calibrate_then_pool,50,21,0.478135347366333,1.615826738858809,0.0,1.0,0.0988638401031494,8.171123027801514,llm_experiments_data/arrays/extended_mteb_tweet_sentiment_extraction_3_pure_logits_greedy_50_temp_calibrate_then_pool_2025-09-23.npz,0.18845500848896435,0.9509621946209896,2.1004527447651387,0.9392331784808149,0.9244281005361665,0.07557189946383347,0.04348980175382886,0.04554659129875693,0.2726977130571468,0.9915134370579916,2.123055162659123
mteb/tweet_sentiment_extraction,3,pure_logits,greedy_5_temp_calibrate_then_pool,5,5,0.4798116385936737,1.6707038733860893,0.0,1.0,0.0988638401031494,5.503777980804443,llm_experiments_data/arrays/extended_mteb_tweet_sentiment_extraction_3_pure_logits_greedy_5_temp_calibrate_then_pool_2025-09-23.npz,0.1853423882286361,0.9509621946209896,2.1129032258064515,0.937730373949567,0.9217606699424147,0.07823933005758532,0.0303471703936167,0.03324448608650483,0.27143802415232404,0.9904526166902404,2.092998585572843
mteb/tweet_sentiment_extraction,3,pure_logits,greedy_5_post_calib,5,5,0.4799715280532837,1.615826738858809,0.4631403581840899,1.0,0.0988638401031494,3.140164375305176,llm_experiments_data/arrays/extended_mteb_tweet_sentiment_extraction_3_pure_logits_greedy_5_post_calib_2025-09-23.npz,0.18449349179400112,0.954576248590888,2.129032258064516,0.9368093540881328,0.9204239310278163,0.07957606897218372,0.02247174252003823,0.026587897545885236,0.27152109591432494,0.9922206506364922,2.1817538896746815
mteb/tweet_sentiment_extraction,3,pure_logits,greedy_50_post_calib,50,21,0.4759505689144134,1.4077634319033736,0.6297376093294461,1.0,0.0988638401031494,20.76873540878296,llm_experiments_data/arrays/extended_mteb_tweet_sentiment_extraction_3_pure_logits_greedy_50_post_calib_2025-09-23.npz,0.189586870401811,0.9579239491627013,2.120260328239955,0.9381998345740955,0.9214934399743896,0.0785065600256104,0.038549823128846514,0.038129620469081985,0.27198081584526035,0.9925742574257426,2.1375530410183874
mteb/tweet_sentiment_extraction,4,pure_logits,greedy_5_baseline,5,5,0.5060391426086426,,,,0.0956888198852539,0.0,llm_experiments_data/arrays/extended_mteb_tweet_sentiment_extraction_4_pure_logits_greedy_5_baseline_2025-09-23.npz,0.18760611205432937,0.9713057528362042,2.353140916808149,0.9306375580802495,0.9112102135786987,0.08878978642130131,0.03212742051230895,0.03696575020421477,0.2800319379410497,0.9865629420084866,2.2652050919377653
mteb/tweet_sentiment_extraction,4,pure_logits,greedy_50_baseline,50,21,0.468384712934494,,,,0.0956888198852539,0.0,llm_experiments_data/arrays/extended_mteb_tweet_sentiment_extraction_4_pure_logits_greedy_50_baseline_2025-09-23.npz,0.1833616298811545,0.9690227498992263,2.2031692133559706,0.9392088454567112,0.9185847863714122,0.08141521362858783,0.02712183834033023,0.030428614254448455,0.26637987491423176,0.9890381895332391,2.1322489391796324
mteb/tweet_sentiment_extraction,4,pure_logits,greedy_50_temp_pool_then_calibrate,50,21,0.4687075018882751,1.0714285714285714,,,0.0956888198852539,0.0114564895629882,llm_experiments_data/arrays/extended_mteb_tweet_sentiment_extraction_4_pure_logits_greedy_50_temp_pool_then_calibrate_2025-09-23.npz,0.1833616298811545,0.9610249264065008,2.192133559705716,0.9392184810580749,0.9187507693254406,0.08124923067455936,0.027739425019551355,0.0307508149876322,0.26550860803478177,0.9886845827439887,2.1156294200848658
mteb/tweet_sentiment_extraction,4,pure_logits,greedy_5_temp_pool_then_calibrate,5,5,0.5047886371612549,0.9612244897959183,,,0.0956888198852539,0.0085084438323974,llm_experiments_data/arrays/extended_mteb_tweet_sentiment_extraction_4_pure_logits_greedy_5_temp_pool_then_calibrate_2025-09-23.npz,0.18760611205432937,0.9753793916128501,2.374080362195812,0.9306836935564794,0.9112081013491607,0.08879189865083925,0.025853689808459614,0.033818926592634156,0.27919725258076405,0.9865629420084866,2.2655586987270158
mteb/tweet_sentiment_extraction,4,pure_logits,greedy_50_temp_calibrate_then_pool,50,21,0.4649832248687744,1.657009579341941,0.0,1.0,0.0956888198852539,12.703020811080933,llm_experiments_data/arrays/extended_mteb_tweet_sentiment_extraction_4_pure_logits_greedy_50_temp_calibrate_then_pool_2025-09-23.npz,0.18477645727221279,0.9383014287164605,1.9915110356536503,0.9429180735899831,0.9282298036829277,0.07177019631707227,0.04509134938066532,0.04261316042804557,0.26531623904664225,0.9893917963224894,1.96994342291372
mteb/tweet_sentiment_extraction,4,pure_logits,greedy_5_temp_calibrate_then_pool,5,5,0.4732873737812042,1.3414410662224074,0.0,1.0,0.0956888198852539,1.6284878253936768,llm_experiments_data/arrays/extended_mteb_tweet_sentiment_extraction_4_pure_logits_greedy_5_temp_calibrate_then_pool_2025-09-23.npz,0.1907187323146576,0.947060595353925,2.089417091114884,0.9385851629701375,0.9217377457464423,0.0782622542535577,0.029182979833897563,0.02355356162796603,0.26962736542941745,0.9897454031117398,2.0756718528995757
mteb/tweet_sentiment_extraction,4,pure_logits,greedy_5_post_calib,5,5,0.4732873737812042,1.3414410662224074,0.0,1.0,0.0956888198852539,3.158018112182617,llm_experiments_data/arrays/extended_mteb_tweet_sentiment_extraction_4_pure_logits_greedy_5_post_calib_2025-09-23.npz,0.1907187323146576,0.947060595353925,2.089417091114884,0.9385851629701375,0.9217377457464423,0.0782622542535577,0.029182979833897563,0.02355356162796603,0.26962736542941745,0.9897454031117398,2.0756718528995757
mteb/tweet_sentiment_extraction,4,pure_logits,greedy_50_post_calib,50,21,0.4618021249771118,1.474985422740525,0.5897542690545606,1.0,0.0956888198852539,21.100050926208496,llm_experiments_data/arrays/extended_mteb_tweet_sentiment_extraction_4_pure_logits_greedy_50_post_calib_2025-09-23.npz,0.18505942275042445,0.947060595353925,2.033106960950764,0.942543237317465,0.9260330291234973,0.07396697087650272,0.04080726689515171,0.038024574653132186,0.2642194254876952,0.9911598302687411,2.019094766619519
ag_news,0,pure_logits,greedy_5_baseline,5,5,0.1750968545675277,,,,0.3679914474487304,0.0,llm_experiments_data/arrays/extended_ag_news_0_pure_logits_greedy_5_baseline_2025-09-23.npz,0.04644736842105263,0.995067237475685,1.2822368421052632,0.9941241343490305,0.9829364291147046,0.01706357088529542,0.01948005931157814,0.02095131553317372,0.07690602781218409,0.9860197368421053,1.2004934210526317
ag_news,0,pure_logits,greedy_50_baseline,50,19,0.1581828445196151,,,,0.3679914474487304,0.0,llm_experiments_data/arrays/extended_ag_news_0_pure_logits_greedy_50_baseline_2025-09-23.npz,0.045526315789473686,0.9844471273184587,1.3819736842105264,0.9927221144967682,0.9807988046061841,0.01920119539381593,0.013490483713777467,0.0137003533738224,0.07284827156728921,0.9876644736842105,1.2856907894736842
ag_news,0,pure_logits,greedy_50_temp_pool_then_calibrate,50,19,0.1541571319103241,1.126530612244898,,,0.3679914474487304,0.0357758998870849,llm_experiments_data/arrays/extended_ag_news_0_pure_logits_greedy_50_temp_pool_then_calibrate_2025-09-23.npz,0.045526315789473686,0.9734204999598582,1.3694736842105264,0.9927154778393351,0.9807638397426371,0.019236160257362855,0.004851935109809798,0.00710453232652267,0.07243033856927282,0.9876644736842105,1.284703947368421
ag_news,0,pure_logits,greedy_5_temp_pool_then_calibrate,5,5,0.1535082310438156,1.4571428571428573,,,0.3679914474487304,0.0313827991485595,llm_experiments_data/arrays/extended_ag_news_0_pure_logits_greedy_5_temp_pool_then_calibrate_2025-09-23.npz,0.04644736842105263,0.9713057528362042,1.283421052631579,0.9941288434903047,0.982916462419486,0.017083537580513952,0.009939830695327941,0.009965595881405588,0.07624339651518576,0.9842105263157894,1.180921052631579
ag_news,0,pure_logits,greedy_50_temp_calibrate_then_pool,50,19,0.1453266143798828,1.6423157017909205,0.0,1.0,0.3679914474487304,44.83931589126587,llm_experiments_data/arrays/extended_ag_news_0_pure_logits_greedy_50_temp_calibrate_then_pool_2025-09-23.npz,0.045526315789473686,0.9690227498992263,1.2718421052631579,0.9947573176361958,0.9835843974837981,0.016415602516201888,0.010096108501679028,0.011402491593831459,0.07162433848706683,0.9886513157894737,1.2110197368421052
ag_news,0,pure_logits,greedy_5_temp_calibrate_then_pool,5,5,0.149506613612175,1.6423157017909205,0.0,1.0,0.3679914474487304,6.027982711791992,llm_experiments_data/arrays/extended_ag_news_0_pure_logits_greedy_5_temp_calibrate_then_pool_2025-09-23.npz,0.04657894736842105,0.9665581041966967,1.270657894736842,0.9944205216989842,0.983039818226262,0.016960181773738037,0.008372940107395746,0.0107603281854015,0.07389430748895967,0.9858552631578947,1.1792763157894737
ag_news,0,pure_logits,greedy_5_post_calib,5,5,0.1498976498842239,1.5609496043315287,0.7097042898792171,1.0,0.3679914474487304,14.362227201461792,llm_experiments_data/arrays/extended_ag_news_0_pure_logits_greedy_5_post_calib_2025-09-23.npz,0.046052631578947366,0.9690227498992263,1.275,0.9943169205909511,0.9830108851530642,0.01698911484693577,0.005177036672830575,0.0065381963158908565,0.07415425595595647,0.9865131578947368,1.2085526315789474
ag_news,0,pure_logits,greedy_50_post_calib,50,19,0.1444517970085144,1.5184173261141192,0.614743856726364,1.0,0.3679914474487304,96.87761378288268,llm_experiments_data/arrays/extended_ag_news_0_pure_logits_greedy_50_post_calib_2025-09-23.npz,0.045657894736842106,0.9690227498992263,1.265921052631579,0.9944744921514311,0.9832628836565457,0.016737116343454317,0.008493505833964604,0.009444655827001528,0.07129946322478761,0.9873355263157895,1.1912828947368421
ag_news,1,pure_logits,greedy_5_baseline,5,5,0.1725944429636001,,,,5.866233825683594,0.0,llm_experiments_data/arrays/extended_ag_news_1_pure_logits_greedy_5_baseline_2025-09-23.npz,0.04710526315789473,0.9855933637950631,1.3980263157894737,0.9918700472754304,0.9798584020510445,0.020141597948955536,0.018133707222969885,0.019951021471305907,0.07867057565306027,0.9963815789473685,1.6167763157894737
ag_news,1,pure_logits,greedy_50_baseline,50,20,0.1594323217868805,,,,5.866233825683594,0.0,llm_experiments_data/arrays/extended_ag_news_1_pure_logits_greedy_50_baseline_2025-09-23.npz,0.04342105263157895,0.9832096927272072,1.3707894736842106,0.9924450780195118,0.9801627141434424,0.01983728585655764,0.012514577766782317,0.012729553619497696,0.07285448085300796,0.9970394736842105,1.849671052631579
ag_news,1,pure_logits,greedy_50_temp_pool_then_calibrate,50,20,0.1553765684366226,1.126530612244898,,,5.866233825683594,0.0337977409362793,llm_experiments_data/arrays/extended_ag_news_1_pure_logits_greedy_50_temp_pool_then_calibrate_2025-09-23.npz,0.04342105263157895,0.9734204999598582,1.3813157894736843,0.9924477302095789,0.9801252467027123,0.019874753297287717,0.003871840505223504,0.004599174355205703,0.0725314383054819,0.9970394736842105,1.8615131578947368
ag_news,1,pure_logits,greedy_5_temp_pool_then_calibrate,5,5,0.1694981902837753,1.126530612244898,,,5.866233825683594,0.0292887687683105,llm_experiments_data/arrays/extended_ag_news_1_pure_logits_greedy_5_temp_pool_then_calibrate_2025-09-23.npz,0.04710526315789473,0.9771939142407526,1.4059210526315788,0.9918705661883191,0.9798630985932103,0.020136901406789698,0.019090510645979292,0.023000712398635735,0.07960342423470304,0.9963815789473685,1.6101973684210527
ag_news,1,pure_logits,greedy_50_temp_calibrate_then_pool,50,20,0.1455679535865783,1.6290712203248647,0.0,1.0,5.866233825683594,62.41764235496521,llm_experiments_data/arrays/extended_ag_news_1_pure_logits_greedy_50_temp_calibrate_then_pool_2025-09-23.npz,0.04263157894736842,0.9638973636691187,1.2180263157894737,0.994536290300397,0.9832025127567623,0.016797487243237708,0.010016819670012144,0.010109836368968589,0.07130404980794006,0.9970394736842105,1.428453947368421
ag_news,1,pure_logits,greedy_5_temp_calibrate_then_pool,5,5,0.1501591205596923,1.5060724698042485,0.0,1.0,5.866233825683594,5.699976682662964,llm_experiments_data/arrays/extended_ag_news_1_pure_logits_greedy_5_temp_calibrate_then_pool_2025-09-23.npz,0.046052631578947366,0.9638973636691187,1.2435526315789474,0.993932616107595,0.9825584118562908,0.01744158814370922,0.00903262479132732,0.009489110061212542,0.07403145588662007,0.996875,1.4547697368421053
ag_news,1,pure_logits,greedy_5_post_calib,5,5,0.1502299159765243,1.4813827571845066,0.2149104539775093,1.0,5.866233825683594,33.43526077270508,llm_experiments_data/arrays/extended_ag_news_1_pure_logits_greedy_5_post_calib_2025-09-23.npz,0.045921052631578946,0.9665581041966967,1.2607894736842105,0.9938721736880116,0.9824852961727671,0.017514703827232858,0.009028401296389758,0.009636361359765623,0.07403587062747619,0.996875,1.4449013157894737
ag_news,1,pure_logits,greedy_50_post_calib,50,20,0.1448494642972946,1.5060724698042485,0.614743856726364,1.0,5.866233825683594,99.82778668403624,llm_experiments_data/arrays/extended_ag_news_1_pure_logits_greedy_50_post_calib_2025-09-23.npz,0.04302631578947368,0.9638973636691187,1.2228947368421053,0.9943802669684754,0.9829000625012428,0.017099937498757156,0.00850686642684434,0.008477214002295525,0.07116877426564172,0.9972039473684211,1.4578947368421054
ag_news,2,pure_logits,greedy_5_baseline,5,5,0.1652709245681762,,,,0.2806410789489746,0.0,llm_experiments_data/arrays/extended_ag_news_2_pure_logits_greedy_5_baseline_2025-09-23.npz,0.04486842105263158,0.9832096927272072,1.3698684210526315,0.9925451987052606,0.9802456667971765,0.019754333202823493,0.01699195520266106,0.017903441739709758,0.07715497138946778,0.9907894736842106,1.380921052631579
ag_news,2,pure_logits,greedy_50_baseline,50,20,0.1518179774284362,,,,0.2806410789489746,0.0,llm_experiments_data/arrays/extended_ag_news_2_pure_logits_greedy_50_baseline_2025-09-23.npz,0.04368421052631579,0.9804316278758956,1.3480263157894736,0.9932400188007051,0.9811066894414667,0.01889331055853327,0.011515313818266495,0.01120686427543041,0.07132152025977383,0.9904605263157895,1.3391447368421052
ag_news,2,pure_logits,greedy_50_temp_pool_then_calibrate,50,20,0.1488304287195205,1.1816326530612244,,,0.2806410789489746,0.0290000438690185,llm_experiments_data/arrays/extended_ag_news_2_pure_logits_greedy_50_temp_pool_then_calibrate_2025-09-23.npz,0.04368421052631579,0.9638973636691187,1.355263157894737,0.993235022019244,0.9810271499520543,0.01897285004794569,0.0045881959129320535,0.007675986599765321,0.07125346807572695,0.9891447368421052,1.3194078947368422
ag_news,2,pure_logits,greedy_5_temp_pool_then_calibrate,5,5,0.1630717068910598,1.126530612244898,,,0.2806410789489746,0.0298552513122558,llm_experiments_data/arrays/extended_ag_news_2_pure_logits_greedy_5_temp_pool_then_calibrate_2025-09-23.npz,0.04486842105263158,0.9734204999598582,1.3764473684210525,0.9925444702574343,0.9801857395735019,0.019814260426498143,0.017887432194854114,0.021189818927331988,0.07808467486462657,0.9899671052631579,1.3689144736842105
ag_news,2,pure_logits,greedy_50_temp_calibrate_then_pool,50,20,0.1422345638275146,1.6290712203248647,0.0,1.0,0.2806410789489746,42.170795917510986,llm_experiments_data/arrays/extended_ag_news_2_pure_logits_greedy_50_temp_calibrate_then_pool_2025-09-23.npz,0.04368421052631579,0.9610249264065008,1.2203947368421053,0.9949949848691484,0.9834371296002551,0.01656287039974491,0.007919648705344446,0.0076652490229983,0.0702724112234162,0.9927631578947368,1.2731907894736842
ag_news,2,pure_logits,greedy_5_temp_calibrate_then_pool,5,5,0.1470176875591278,1.5060724698042485,0.0,1.0,0.2806410789489746,32.038402795791626,llm_experiments_data/arrays/extended_ag_news_2_pure_logits_greedy_5_temp_calibrate_then_pool_2025-09-23.npz,0.04447368421052632,0.9610249264065008,1.2357894736842105,0.9942321085512756,0.9825303153108736,0.017469684689126352,0.006183334451756991,0.006974229098934843,0.07279481564497162,0.9932565789473684,1.3113486842105264
ag_news,2,pure_logits,greedy_5_post_calib,5,5,0.146973505616188,1.4937276134943775,0.193252811328613,1.0,0.2806410789489746,23.77641129493713,llm_experiments_data/arrays/extended_ag_news_2_pure_logits_greedy_5_post_calib_2025-09-23.npz,0.04447368421052632,0.9610249264065008,1.236842105263158,0.9941918072051787,0.9824785925991811,0.017521407400818867,0.006136086465496743,0.006485120583521703,0.07279245341533348,0.9932565789473684,1.3110197368421053
ag_news,2,pure_logits,greedy_50_post_calib,50,20,0.1406689137220382,1.53076218242399,0.5597667638483965,1.0,0.2806410789489746,113.08946084976196,llm_experiments_data/arrays/extended_ag_news_2_pure_logits_greedy_50_post_calib_2025-09-23.npz,0.04381578947368421,0.9610249264065008,1.2273684210526317,0.9948381073009226,0.9832562483404189,0.016743751659581085,0.006735707176359092,0.007011424193256821,0.06995540188013066,0.993421052631579,1.2827302631578947
ag_news,3,pure_logits,greedy_5_baseline,5,5,0.1616485267877578,,,,0.2795994281768799,0.0,llm_experiments_data/arrays/extended_ag_news_3_pure_logits_greedy_5_baseline_2025-09-23.npz,0.045,0.9818738040176085,1.3398684210526315,0.9932011861783083,0.9817143896960207,0.01828561030397935,0.017572514465764914,0.017446652427315697,0.07616959521843615,0.9953947368421052,1.4649671052631579
ag_news,3,pure_logits,greedy_50_baseline,50,20,0.14743173122406,,,,0.2795994281768799,0.0,llm_experiments_data/arrays/extended_ag_news_3_pure_logits_greedy_50_baseline_2025-09-23.npz,0.0425,0.9771939142407526,1.2942105263157895,0.9939809275610455,0.9825424083689139,0.017457591631086067,0.012047218029436344,0.012607352882623706,0.07106208805736637,0.996875,1.504111842105263
ag_news,3,pure_logits,greedy_50_temp_pool_then_calibrate,50,20,0.1449004858732223,1.126530612244898,,,0.2795994281768799,0.0309865474700927,llm_experiments_data/arrays/extended_ag_news_3_pure_logits_greedy_50_temp_pool_then_calibrate_2025-09-23.npz,0.0425,0.9665581041966967,1.3169736842105264,0.9939759028032253,0.9825136580220858,0.01748634197791421,0.0038019542043146734,0.004253910521143339,0.0706337212428286,0.9972039473684211,1.5092105263157896
ag_news,3,pure_logits,greedy_5_temp_pool_then_calibrate,5,5,0.1590738743543625,1.126530612244898,,,0.2795994281768799,0.0313267707824707,llm_experiments_data/arrays/extended_ag_news_3_pure_logits_greedy_5_temp_pool_then_calibrate_2025-09-23.npz,0.045,0.9713057528362042,1.3417105263157896,0.9932024646567453,0.9817127820588301,0.018287217941169942,0.0165174111802327,0.015851650841926284,0.07686434930790717,0.9952302631578948,1.4577302631578948
ag_news,3,pure_logits,greedy_50_temp_calibrate_then_pool,50,20,0.1399757117033004,1.6290712203248647,0.0,1.0,0.2795994281768799,43.394912004470825,llm_experiments_data/arrays/extended_ag_news_3_pure_logits_greedy_50_temp_calibrate_then_pool_2025-09-23.npz,0.041710526315789476,0.9579239491627013,1.190657894736842,0.9953373112910439,0.9844204875178847,0.01557951248211531,0.00877058003293838,0.009186487966462192,0.06964631728063926,0.9949013157894737,1.2776315789473685
ag_news,3,pure_logits,greedy_5_temp_calibrate_then_pool,5,5,0.143786996603012,1.5060724698042485,0.0,1.0,0.2795994281768799,23.44732666015625,llm_experiments_data/arrays/extended_ag_news_3_pure_logits_greedy_5_temp_calibrate_then_pool_2025-09-23.npz,0.04381578947368421,0.9610249264065008,1.2284210526315789,0.9949016597319125,0.9838440754131632,0.01615592458683679,0.007647383958101264,0.009565501275815456,0.0717252174025123,0.9947368421052631,1.310032894736842
ag_news,3,pure_logits,greedy_5_post_calib,5,5,0.143793374300003,1.4937276134943775,0.1949187838400666,1.0,0.2795994281768799,11.02241063117981,llm_experiments_data/arrays/extended_ag_news_3_pure_logits_greedy_5_post_calib_2025-09-23.npz,0.04381578947368421,0.9610249264065008,1.2305263157894737,0.9948654146882937,0.9837931790386442,0.01620682096135584,0.007318777939990984,0.00888965519635297,0.0717334612272267,0.9949013157894737,1.3171052631578948
ag_news,3,pure_logits,greedy_50_post_calib,50,20,0.1382708400487899,1.53076218242399,0.5397750937109538,1.0,0.2795994281768799,87.42734265327454,llm_experiments_data/arrays/extended_ag_news_3_pure_logits_greedy_50_post_calib_2025-09-23.npz,0.041973684210526316,0.9579239491627013,1.1931578947368422,0.9953660847106858,0.9844703134355587,0.015529686564441314,0.007707604165924252,0.007905488398514272,0.06942942957687305,0.9947368421052631,1.2865131578947369
ag_news,4,pure_logits,greedy_5_baseline,5,5,0.1665987223386764,,,,0.2931766510009765,0.0,llm_experiments_data/arrays/extended_ag_news_4_pure_logits_greedy_5_baseline_2025-09-23.npz,0.04657894736842105,0.9844471273184587,1.3685526315789474,0.9925840776152586,0.9801782306755751,0.01982176932442492,0.017332095939077804,0.017619825915286397,0.07846793388872275,0.9898026315789473,1.366611842105263
ag_news,4,pure_logits,greedy_50_baseline,50,22,0.1534280180931091,,,,0.2931766510009765,0.0,llm_experiments_data/arrays/extended_ag_news_4_pure_logits_greedy_50_baseline_2025-09-23.npz,0.0443421052631579,0.9753793916128501,1.3227631578947368,0.9930873556739914,0.9805463208278444,0.01945367917215557,0.01068554029260807,0.01069993684558496,0.07321506597076198,0.9914473684210526,1.3832236842105263
ag_news,4,pure_logits,greedy_50_temp_pool_then_calibrate,50,22,0.1517852842807769,1.0714285714285714,,,0.2931766510009765,0.0289845466613769,llm_experiments_data/arrays/extended_ag_news_4_pure_logits_greedy_50_temp_pool_then_calibrate_2025-09-23.npz,0.0443421052631579,0.9690227498992263,1.335657894736842,0.9930870505200109,0.9805328708646714,0.019467129135328554,0.004989502853468852,0.0060712683867467,0.0729833150326149,0.9914473684210526,1.3845394736842105
ag_news,4,pure_logits,greedy_5_temp_pool_then_calibrate,5,5,0.1636596620082855,1.126530612244898,,,0.2931766510009765,0.0274641513824462,llm_experiments_data/arrays/extended_ag_news_4_pure_logits_greedy_5_temp_pool_then_calibrate_2025-09-23.npz,0.04657894736842105,0.9771939142407526,1.387763157894737,0.9925891338279978,0.9801430712155661,0.019856928784433903,0.01713050646217247,0.019463736328639486,0.07920640334141416,0.9896381578947369,1.3661184210526316
ag_news,4,pure_logits,greedy_50_temp_calibrate_then_pool,50,22,0.1450255960226059,1.6290712203248647,0.0,1.0,0.2931766510009765,42.23185658454895,llm_experiments_data/arrays/extended_ag_news_4_pure_logits_greedy_50_temp_calibrate_then_pool_2025-09-23.npz,0.04407894736842105,0.9610249264065008,1.207236842105263,0.9950867791483904,0.9837486461037128,0.01625135389628718,0.00958556165428533,0.009902716565288997,0.0723532275990665,0.9894736842105263,1.2014802631578947
ag_news,4,pure_logits,greedy_5_temp_calibrate_then_pool,5,5,0.1487895101308822,1.5060724698042485,0.0,1.0,0.2931766510009765,19.34773850440979,llm_experiments_data/arrays/extended_ag_news_4_pure_logits_greedy_5_temp_calibrate_then_pool_2025-09-23.npz,0.045657894736842106,0.9638973636691187,1.2419736842105262,0.9944728600568333,0.9829427809395893,0.01705721906041069,0.009526885845943505,0.009561969316319452,0.07445615832437553,0.9914473684210526,1.2557565789473684
ag_news,4,pure_logits,greedy_5_post_calib,5,5,0.1487895101308822,1.5060724698042485,0.0,1.0,0.2931766510009765,11.463602304458618,llm_experiments_data/arrays/extended_ag_news_4_pure_logits_greedy_5_post_calib_2025-09-23.npz,0.045657894736842106,0.9638973636691187,1.2419736842105262,0.9944728600568333,0.9829427809395893,0.01705721906041069,0.009526885845943505,0.009561969316319452,0.07445615832437553,0.9914473684210526,1.2557565789473684
ag_news,4,pure_logits,greedy_50_post_calib,50,22,0.1433628350496292,1.535360266555602,0.4897959183673469,1.0,0.2931766510009765,84.2874059677124,llm_experiments_data/arrays/extended_ag_news_4_pure_logits_greedy_50_post_calib_2025-09-23.npz,0.04407894736842105,0.9610249264065008,1.2046052631578947,0.9950210347902192,0.9836475632500409,0.01635243674995912,0.008814262339943332,0.008907931886221274,0.07208545902734517,0.9894736842105263,1.1985197368421052
dbpedia_14,0,pure_logits,greedy_5_baseline,5,5,0.0383507758378982,,,,0.5642759799957275,0.0,llm_experiments_data/arrays/extended_dbpedia_14_0_pure_logits_greedy_5_baseline_2025-09-23.npz,0.007414285714285714,0.0,1.0,0.9998400037362637,0.9895240874220708,0.010475912577929236,0.0042830015816858365,0.004646624040603622,0.013252324774056138,0.9925,1.0
dbpedia_14,0,pure_logits,greedy_50_baseline,50,13,0.035843975841999,,,,0.5642759799957275,0.0,llm_experiments_data/arrays/extended_dbpedia_14_0_pure_logits_greedy_50_baseline_2025-09-23.npz,0.007514285714285715,0.0,1.0,0.9998205921978022,0.9894508004358524,0.010549199564147571,0.0027162796650613726,0.0026796012801783894,0.012773011748219473,0.992375,1.0
dbpedia_14,0,pure_logits,greedy_50_temp_pool_then_calibrate,50,13,0.0336079373955726,1.236734693877551,,,0.5642759799957275,0.1390647888183593,llm_experiments_data/arrays/extended_dbpedia_14_0_pure_logits_greedy_50_temp_pool_then_calibrate_2025-09-23.npz,0.007514285714285715,0.0,1.0,0.9998208836263737,0.9894575955840033,0.010542404415996742,0.0016427426189184672,0.0019413523350443485,0.012776463293786174,0.992375,1.0
dbpedia_14,0,pure_logits,greedy_5_temp_pool_then_calibrate,5,5,0.0351141579449176,1.3469387755102042,,,0.5642759799957275,0.1354718208312988,llm_experiments_data/arrays/extended_dbpedia_14_0_pure_logits_greedy_5_temp_pool_then_calibrate_2025-09-23.npz,0.007414285714285714,0.0,1.0,0.9998402715384616,0.9895306089539169,0.010469391046083132,0.003911841043404199,0.0044393446258136245,0.01380226001122516,0.9925,1.0
dbpedia_14,0,pure_logits,greedy_50_temp_calibrate_then_pool,50,13,0.0303341131657362,1.850379008746356,0.0,1.0,0.5642759799957275,441.8416178226471,llm_experiments_data/arrays/extended_dbpedia_14_0_pure_logits_greedy_50_temp_calibrate_then_pool_2025-09-23.npz,0.007642857142857143,0.0,1.0,0.9998800495604396,0.9896798169153854,0.010320183084614576,0.001998141670652774,0.001998142669030592,0.01250742718059835,0.9922321428571429,1.0
dbpedia_14,0,pure_logits,greedy_5_temp_calibrate_then_pool,5,5,0.0300289299339056,1.8202915451895043,0.0,1.0,0.5642759799957275,68.30458521842957,llm_experiments_data/arrays/extended_dbpedia_14_0_pure_logits_greedy_5_temp_calibrate_then_pool_2025-09-23.npz,0.0075,0.0,1.0,0.9998812887912089,0.9896890943508905,0.010310905649109525,0.0018397442021540651,0.0019085022981677649,0.01248147944408918,0.9924285714285714,1.0
dbpedia_14,0,pure_logits,greedy_5_post_calib,5,5,0.0297356657683849,1.7658642232403166,0.4464806330695543,1.0,0.5642759799957275,105.7846052646637,llm_experiments_data/arrays/extended_dbpedia_14_0_pure_logits_greedy_5_post_calib_2025-09-23.npz,0.007471428571428572,0.0,1.0,0.9998838864835166,0.9896907991122853,0.010309200887714698,0.0016152332327195279,0.0016417146842394846,0.012418241088454773,0.9924642857142857,1.0
dbpedia_14,0,pure_logits,greedy_50_post_calib,50,13,0.0296356659382581,1.7255810079133695,0.6597251145356102,1.0,0.5642759799957275,794.5179748535156,llm_experiments_data/arrays/extended_dbpedia_14_0_pure_logits_greedy_50_post_calib_2025-09-23.npz,0.007614285714285714,0.0,1.0,0.9998851298901098,0.9896906442252839,0.010309355774716145,0.001755015794081295,0.0018074060293180858,0.012393026526827397,0.9922678571428571,1.0
dbpedia_14,1,pure_logits,greedy_5_baseline,5,5,0.0368919149041175,,,,0.5237307548522949,0.0,llm_experiments_data/arrays/extended_dbpedia_14_1_pure_logits_greedy_5_baseline_2025-09-23.npz,0.007414285714285714,0.0,1.0,0.999833632965128,0.9895871550832447,0.010412844916755315,0.00402483076155191,0.004028855554120912,0.013079046198154224,0.9923214285714286,1.0
dbpedia_14,1,pure_logits,greedy_50_baseline,50,13,0.0343787893652915,,,,0.5237307548522949,0.0,llm_experiments_data/arrays/extended_dbpedia_14_1_pure_logits_greedy_50_baseline_2025-09-23.npz,0.0074285714285714285,0.0,1.0,0.9998196603320348,0.9895390144585683,0.010460985541431711,0.0024440835922956176,0.0024441525995731695,0.01254796910556526,0.9923214285714286,1.0
dbpedia_14,1,pure_logits,greedy_50_temp_pool_then_calibrate,50,13,0.032565776258707,1.2918367346938775,,,0.5237307548522949,0.1271264553070068,llm_experiments_data/arrays/extended_dbpedia_14_1_pure_logits_greedy_50_temp_pool_then_calibrate_2025-09-23.npz,0.0074285714285714285,0.0,1.0,0.9998196574496588,0.9895433765294641,0.010456623470535886,0.0026840453518288364,0.002841071087547751,0.012599235474934287,0.9923214285714286,1.0
dbpedia_14,1,pure_logits,greedy_5_temp_pool_then_calibrate,5,5,0.0340606160461902,1.3469387755102042,,,0.5237307548522949,0.1164455413818359,llm_experiments_data/arrays/extended_dbpedia_14_1_pure_logits_greedy_5_temp_pool_then_calibrate_2025-09-23.npz,0.007414285714285714,0.0,1.0,0.9998334020914041,0.9895893751263307,0.010410624873669283,0.0036171822543654866,0.0040239155228648585,0.013621325229632324,0.9923214285714286,1.0
dbpedia_14,1,pure_logits,greedy_50_temp_calibrate_then_pool,50,13,0.0289265066385269,1.8654227405247816,0.0,1.0,0.5237307548522949,399.3228905200958,llm_experiments_data/arrays/extended_dbpedia_14_1_pure_logits_greedy_50_temp_calibrate_then_pool_2025-09-23.npz,0.0074285714285714285,0.0,1.0,0.9998758593194895,0.9897210957366033,0.010278904263396726,0.0016935598731040553,0.0017515573071582031,0.012188719167058134,0.9923571428571428,1.0
dbpedia_14,1,pure_logits,greedy_5_temp_calibrate_then_pool,5,5,0.0287877060472965,1.8353352769679303,0.0,1.0,0.5237307548522949,101.31923198699953,llm_experiments_data/arrays/extended_dbpedia_14_1_pure_logits_greedy_5_temp_calibrate_then_pool_2025-09-23.npz,0.007385714285714285,0.0,1.0,0.9998742618970997,0.9897236443476033,0.010276355652396707,0.0015076576735292505,0.0016378409836973057,0.01220758041446072,0.9923571428571428,1.0
dbpedia_14,1,pure_logits,greedy_5_post_calib,5,5,0.0286065954715013,1.7658642232403166,0.4831320283215327,1.0,0.5237307548522949,113.17008543014526,llm_experiments_data/arrays/extended_dbpedia_14_1_pure_logits_greedy_5_post_calib_2025-09-23.npz,0.0074,0.0,1.0,0.999875011077574,0.989731086878968,0.010268913121031953,0.0013003659359045897,0.0014444667488336465,0.01216986681866558,0.9923392857142858,1.0
dbpedia_14,1,pure_logits,greedy_50_post_calib,50,13,0.0284453090280294,1.7397251145356103,0.679716784673053,1.0,0.5237307548522949,825.1280977725983,llm_experiments_data/arrays/extended_dbpedia_14_1_pure_logits_greedy_50_post_calib_2025-09-23.npz,0.0074285714285714285,0.0,1.0,0.9998759350063898,0.9897238233007484,0.010276176699251627,0.0013119338674204644,0.0016861179172992452,0.012086708701021178,0.9923392857142858,1.0
dbpedia_14,2,pure_logits,greedy_5_baseline,5,5,0.0376938953995704,,,,0.5053613185882568,0.0,llm_experiments_data/arrays/extended_dbpedia_14_2_pure_logits_greedy_5_baseline_2025-09-23.npz,0.0074428571428571426,0.0,1.0,0.999814485318098,0.9894566940572135,0.010543305942786518,0.003988413767303722,0.004649176156946573,0.013149691565915105,0.9924821428571429,1.0
dbpedia_14,2,pure_logits,greedy_50_baseline,50,12,0.0345689058303833,,,,0.5053613185882568,0.0,llm_experiments_data/arrays/extended_dbpedia_14_2_pure_logits_greedy_50_baseline_2025-09-23.npz,0.007357142857142857,0.0,1.0,0.9998258045267006,0.9894988271184324,0.0105011728815676,0.001989718211548682,0.0025018874287605504,0.012488802856579426,0.9925714285714285,1.0
dbpedia_14,2,pure_logits,greedy_50_temp_pool_then_calibrate,50,12,0.0329904593527317,1.236734693877551,,,0.5053613185882568,0.114689826965332,llm_experiments_data/arrays/extended_dbpedia_14_2_pure_logits_greedy_50_temp_pool_then_calibrate_2025-09-23.npz,0.007357142857142857,0.0,1.0,0.9998259436540522,0.989502654179919,0.010497345820080994,0.002434128188661194,0.0023590010464191475,0.012595866360201753,0.9925714285714285,1.0
dbpedia_14,2,pure_logits,greedy_5_temp_pool_then_calibrate,5,5,0.0360968150198459,1.236734693877551,,,0.5053613185882568,0.11179780960083,llm_experiments_data/arrays/extended_dbpedia_14_2_pure_logits_greedy_5_temp_pool_then_calibrate_2025-09-23.npz,0.0074428571428571426,0.0,1.0,0.9998144472529411,0.9894611766784189,0.01053882332158107,0.0042677492001227365,0.005020767199567397,0.013721251038498245,0.9924821428571429,1.0
dbpedia_14,2,pure_logits,greedy_50_temp_calibrate_then_pool,50,12,0.0295166224241256,1.850379008746356,0.0,1.0,0.5053613185882568,405.13342475891113,llm_experiments_data/arrays/extended_dbpedia_14_2_pure_logits_greedy_50_temp_calibrate_then_pool_2025-09-23.npz,0.007357142857142857,0.0,1.0,0.9998566905523407,0.9896200475025668,0.010379952497433176,0.0017354659770216735,0.0017589339085987772,0.012167619685051438,0.9925357142857143,1.0
dbpedia_14,2,pure_logits,greedy_5_temp_calibrate_then_pool,5,5,0.0292281340807676,1.809645980841316,0.0,1.0,0.5053613185882568,62.97532677650452,llm_experiments_data/arrays/extended_dbpedia_14_2_pure_logits_greedy_5_temp_calibrate_then_pool_2025-09-23.npz,0.007357142857142857,0.0,1.0,0.9998588572144317,0.9896167568832922,0.010383243116707797,0.001346180072426846,0.0013462798161165798,0.012108127907176542,0.9925178571428571,1.0
dbpedia_14,2,pure_logits,greedy_5_post_calib,5,5,0.0290217790752649,1.7397251145356103,0.4298209079550187,1.0,0.5053613185882568,104.73176312446594,llm_experiments_data/arrays/extended_dbpedia_14_2_pure_logits_greedy_5_post_calib_2025-09-23.npz,0.0074,0.0,1.0,0.9998665961813432,0.9896360411351366,0.01036395886486341,0.001316396484630409,0.0013299256805862723,0.012080743956000502,0.9924821428571429,1.0
dbpedia_14,2,pure_logits,greedy_50_post_calib,50,12,0.0288405288010835,1.7397251145356103,0.614743856726364,1.0,0.5053613185882568,923.5502562522888,llm_experiments_data/arrays/extended_dbpedia_14_2_pure_logits_greedy_50_post_calib_2025-09-23.npz,0.0074,0.0,1.0,0.9998754104710245,0.9896628570161294,0.010337142983870562,0.0014946124681404628,0.0015123225722994105,0.012078047962577203,0.9925,1.0
dbpedia_14,3,pure_logits,greedy_5_baseline,5,5,0.0372864827513694,,,,0.4669814109802246,0.0,llm_experiments_data/arrays/extended_dbpedia_14_3_pure_logits_greedy_5_baseline_2025-09-23.npz,0.006828571428571429,0.0,1.0,0.999826661621954,0.9895206391626146,0.010479360837385432,0.004092816579767689,0.004493935151185265,0.01231493140138424,0.9929642857142857,1.0
dbpedia_14,3,pure_logits,greedy_50_baseline,50,14,0.034858051687479,,,,0.4669814109802246,0.0,llm_experiments_data/arrays/extended_dbpedia_14_3_pure_logits_greedy_50_baseline_2025-09-23.npz,0.0069,0.0,1.0,0.9998083855701996,0.9894601705240299,0.010539829475970097,0.0016070668718644876,0.0026519264016833083,0.0118824558609767,0.9929107142857143,1.0
dbpedia_14,3,pure_logits,greedy_50_temp_pool_then_calibrate,50,14,0.0331726670265197,1.236734693877551,,,0.4669814109802246,4.313503742218018,llm_experiments_data/arrays/extended_dbpedia_14_3_pure_logits_greedy_50_temp_pool_then_calibrate_2025-09-23.npz,0.0069,0.0,1.0,0.9998085766728424,0.989467135248195,0.010532864751805038,0.0025746395298413046,0.002600550103613277,0.012059648519581419,0.9929107142857143,1.0
dbpedia_14,3,pure_logits,greedy_5_temp_pool_then_calibrate,5,5,0.0342318154871463,1.3469387755102042,,,0.4669814109802246,2.4418492317199707,llm_experiments_data/arrays/extended_dbpedia_14_3_pure_logits_greedy_5_temp_pool_then_calibrate_2025-09-23.npz,0.006828571428571429,0.0,1.0,0.9998263917651639,0.9895267056411862,0.010473294358813834,0.00395762534311836,0.004668218387024698,0.012983023553356966,0.9929642857142857,1.0
dbpedia_14,3,pure_logits,greedy_50_temp_calibrate_then_pool,50,14,0.0289426408708095,1.850379008746356,0.0,1.0,0.4669814109802246,402.4073507785797,llm_experiments_data/arrays/extended_dbpedia_14_3_pure_logits_greedy_50_temp_calibrate_then_pool_2025-09-23.npz,0.006957142857142857,0.0,1.0,0.9998611171627466,0.9896088914065609,0.010391108593439058,0.0015029441360916405,0.0015171115070581331,0.011558485726659904,0.992875,1.0
dbpedia_14,3,pure_logits,greedy_5_temp_calibrate_then_pool,5,5,0.028721323236823,1.8202915451895043,0.0,1.0,0.4669814109802246,53.413488149642944,llm_experiments_data/arrays/extended_dbpedia_14_3_pure_logits_greedy_5_temp_calibrate_then_pool_2025-09-23.npz,0.0069,0.0,1.0,0.9998651064404134,0.989624410885111,0.010375589114889006,0.0013261005359037077,0.0013802574436578953,0.011496305539027779,0.9929464285714286,1.0
dbpedia_14,3,pure_logits,greedy_5_post_calib,5,5,0.0285224188119173,1.7658642232403166,0.4731361932528113,1.0,0.4669814109802246,102.8946771621704,llm_experiments_data/arrays/extended_dbpedia_14_3_pure_logits_greedy_5_post_calib_2025-09-23.npz,0.006857142857142857,0.0,1.0,0.9998712132319295,0.9896554186486959,0.010344581351304116,0.001008643439412169,0.0010518897222620814,0.011455657787046969,0.9929642857142857,1.0
dbpedia_14,3,pure_logits,greedy_50_post_calib,50,14,0.0284258443862199,1.7397251145356103,0.6247396917950854,1.0,0.4669814109802246,1006.1536440849304,llm_experiments_data/arrays/extended_dbpedia_14_3_pure_logits_greedy_50_post_calib_2025-09-23.npz,0.006928571428571429,0.0,1.0,0.999872855203846,0.9896588132010239,0.01034118679897611,0.001137794789246193,0.0012997183395283339,0.011482343980503214,0.9928928571428571,1.0
dbpedia_14,4,pure_logits,greedy_5_baseline,5,5,0.037765584886074,,,,0.5010263919830322,0.0,llm_experiments_data/arrays/extended_dbpedia_14_4_pure_logits_greedy_5_baseline_2025-09-23.npz,0.007342857142857143,0.0,1.0,0.9998413138534913,0.9895519960893278,0.010448003910672243,0.004271265670231451,0.004495056115729459,0.013031514326062327,0.9929285714285714,1.0
dbpedia_14,4,pure_logits,greedy_50_baseline,50,12,0.0349580943584442,,,,0.5010263919830322,0.0,llm_experiments_data/arrays/extended_dbpedia_14_4_pure_logits_greedy_50_baseline_2025-09-23.npz,0.007328571428571428,0.0,1.0,0.9998246295737572,0.9894865047775329,0.01051349522246714,0.001935639841215902,0.0024394677447421567,0.012483700025192756,0.9928571428571429,1.0
dbpedia_14,4,pure_logits,greedy_50_temp_pool_then_calibrate,50,12,0.0333295986056327,1.236734693877551,,,0.5010263919830322,0.1294269561767578,llm_experiments_data/arrays/extended_dbpedia_14_4_pure_logits_greedy_50_temp_pool_then_calibrate_2025-09-23.npz,0.007328571428571428,0.0,1.0,0.9998246374632018,0.9894906647332037,0.010509335266796316,0.002540493424449627,0.0026202894104378656,0.01259268781787206,0.9928571428571429,1.0
dbpedia_14,4,pure_logits,greedy_5_temp_pool_then_calibrate,5,5,0.034713264554739,1.3469387755102042,,,0.5010263919830322,0.1714248657226562,llm_experiments_data/arrays/extended_dbpedia_14_4_pure_logits_greedy_5_temp_pool_then_calibrate_2025-09-23.npz,0.007342857142857143,0.0,1.0,0.9998411495270023,0.9895576397985644,0.01044236020143563,0.003735597332886259,0.004165566237909494,0.013606904867681494,0.9929285714285714,1.0
dbpedia_14,4,pure_logits,greedy_50_temp_calibrate_then_pool,50,12,0.0293473247438669,1.850379008746356,0.0,1.0,0.5010263919830322,562.6613535881042,llm_experiments_data/arrays/extended_dbpedia_14_4_pure_logits_greedy_50_temp_calibrate_then_pool_2025-09-23.npz,0.007385714285714285,0.0,1.0,0.9998739149651971,0.9896615410508325,0.010338458949167517,0.0017733037080083466,0.0017895595954997528,0.012140205848101477,0.9928214285714285,1.0
dbpedia_14,4,pure_logits,greedy_5_temp_calibrate_then_pool,5,5,0.0292350221425294,1.8202915451895043,0.0,1.0,0.5010263919830322,66.82611536979675,llm_experiments_data/arrays/extended_dbpedia_14_4_pure_logits_greedy_5_temp_calibrate_then_pool_2025-09-23.npz,0.0074,0.0,1.0,0.9998772683179455,0.9896824875664825,0.010317512433517528,0.001707328000238924,0.001706484808666378,0.012195724444382643,0.992875,1.0
dbpedia_14,4,pure_logits,greedy_5_post_calib,5,5,0.0290355682373046,1.7658642232403166,0.4731361932528113,1.0,0.5010263919830322,188.3311324119568,llm_experiments_data/arrays/extended_dbpedia_14_4_pure_logits_greedy_5_post_calib_2025-09-23.npz,0.007371428571428571,0.0,1.0,0.9998823733240867,0.9897017295979568,0.01029827040204323,0.0013508598004068797,0.0014455952376127657,0.012123686211394185,0.9929107142857143,1.0
dbpedia_14,4,pure_logits,greedy_50_post_calib,50,12,0.0288055930286645,1.7397251145356103,0.6247396917950854,1.0,0.5010263919830322,1002.4817354679108,llm_experiments_data/arrays/extended_dbpedia_14_4_pure_logits_greedy_50_post_calib_2025-09-23.npz,0.007371428571428571,0.0,1.0,0.9998831058966395,0.989699852413944,0.010300147586056019,0.0014032314768859088,0.001459692674449518,0.012037022455312279,0.9928571428571429,1.0
stanfordnlp/sst2,0,pure_logits,greedy_5_baseline,5,5,0.1389027386903762,,,,13.696207046508787,0.0,llm_experiments_data/arrays/extended_stanfordnlp_sst2_0_pure_logits_greedy_5_baseline_2025-09-23.npz,0.03897550111358575,0.9942510800363944,1.1575723830734967,0.9905559135297227,0.9839294797988846,0.016070520201115435,0.01761408211592838,0.01770616770233146,0.06393565223361752,0.9926922630785292,1.1882612225959865
stanfordnlp/sst2,0,pure_logits,greedy_50_baseline,50,22,0.1167359352111816,,,,13.696207046508787,0.0,llm_experiments_data/arrays/extended_stanfordnlp_sst2_0_pure_logits_greedy_50_baseline_2025-09-23.npz,0.03591314031180401,0.9638973636691187,1.1730697847067557,0.9895215290235136,0.9833012745455704,0.01669872545442963,0.007068537324998873,0.007091672959686977,0.05965381005398202,0.9933882380234311,1.2595986544484399
stanfordnlp/sst2,0,pure_logits,greedy_50_temp_pool_then_calibrate,50,22,0.1156567931175232,1.0714285714285714,,,13.696207046508787,0.0163209438323974,llm_experiments_data/arrays/extended_stanfordnlp_sst2_0_pure_logits_greedy_50_temp_pool_then_calibrate_2025-09-23.npz,0.03591314031180401,0.954576248590888,1.168708240534521,0.9895215290235138,0.9833012745455704,0.01669872545442963,0.003419142009022551,0.005144753314294677,0.05955920092149837,0.9933882380234311,1.2595986544484399
stanfordnlp/sst2,0,pure_logits,greedy_5_temp_pool_then_calibrate,5,5,0.1211620271205902,1.5122448979591838,,,13.696207046508787,0.0139784812927246,llm_experiments_data/arrays/extended_stanfordnlp_sst2_0_pure_logits_greedy_5_temp_pool_then_calibrate_2025-09-23.npz,0.03897550111358575,0.9690227498992263,1.161284335560505,0.9905561405254282,0.9839294797988846,0.016070520201115435,0.014426209917533971,0.014756418609716517,0.06488840209671518,0.9926922630785292,1.1882612225959865
stanfordnlp/sst2,0,pure_logits,greedy_50_temp_calibrate_then_pool,50,22,0.1140713170170784,1.8747188671386923,0.0,1.0,13.696207046508787,18.413986206054688,llm_experiments_data/arrays/extended_stanfordnlp_sst2_0_pure_logits_greedy_50_temp_calibrate_then_pool_2025-09-23.npz,0.03646993318485523,0.9638973636691187,1.1362286562731998,0.9919615233199846,0.9848013672279244,0.01519863277207556,0.00707096420643323,0.007180829605042002,0.0597776405974123,0.9933882380234311,1.1706298573251364
stanfordnlp/sst2,0,pure_logits,greedy_5_temp_calibrate_then_pool,5,5,0.1167548149824142,1.8202915451895043,0.0,1.0,13.696207046508787,2.817467451095581,llm_experiments_data/arrays/extended_stanfordnlp_sst2_0_pure_logits_greedy_5_temp_calibrate_then_pool_2025-09-23.npz,0.0379547141796585,0.9610249264065008,1.141796585003712,0.991084516682316,0.9841134146264422,0.015886585373557804,0.005728086975210215,0.006308389494351859,0.06160560402542929,0.9928082589026795,1.170513861500986
stanfordnlp/sst2,0,pure_logits,greedy_5_post_calib,5,5,0.1164740771055221,1.7658642232403166,0.4231570179092045,1.0,13.696207046508787,48.80946636199951,llm_experiments_data/arrays/extended_stanfordnlp_sst2_0_pure_logits_greedy_5_post_calib_2025-09-23.npz,0.03823311061618411,0.9638973636691187,1.1499628804751298,0.9909725903384411,0.9840782550713237,0.015921744928676262,0.004821420711504546,0.00564422140917076,0.0615656243574421,0.9932722421992808,1.1755016819394501
stanfordnlp/sst2,0,pure_logits,greedy_50_post_calib,50,22,0.1118283942341804,1.602582257392753,0.6847147022074136,1.0,13.696207046508787,31.13620114326477,llm_experiments_data/arrays/extended_stanfordnlp_sst2_0_pure_logits_greedy_50_post_calib_2025-09-23.npz,0.036284335560504824,0.9610249264065008,1.143652561247216,0.9914942439302135,0.9847369219704202,0.015263078029579824,0.006137220890060038,0.006137240642118874,0.05905039114488461,0.9938522213200325,1.18942118083749
stanfordnlp/sst2,1,pure_logits,greedy_5_baseline,5,5,0.1381601095199585,,,,0.1479294300079345,0.0,llm_experiments_data/arrays/extended_stanfordnlp_sst2_1_pure_logits_greedy_5_baseline_2025-09-23.npz,0.0401818856718634,0.9937936782064581,1.149127691165553,0.9911070068943337,0.9839749825822,0.016025017417800047,0.017847689461867357,0.017913993058066575,0.06398007813393194,0.986660480222712,1.1141398909639253
stanfordnlp/sst2,1,pure_logits,greedy_50_baseline,50,21,0.1142597123980522,,,,0.1479294300079345,0.0,llm_experiments_data/arrays/extended_stanfordnlp_sst2_1_pure_logits_greedy_50_baseline_2025-09-23.npz,0.03609873793615442,0.9610249264065008,1.1663882702301411,0.9898008338833225,0.9836365550092347,0.016363444990765252,0.0040916037077185045,0.0064944726509701435,0.05842656254561606,0.988052430112516,1.1409349263426516
stanfordnlp/sst2,1,pure_logits,greedy_50_temp_pool_then_calibrate,50,21,0.1135249063372612,1.0714285714285714,,,0.1479294300079345,0.0160949230194091,llm_experiments_data/arrays/extended_stanfordnlp_sst2_1_pure_logits_greedy_50_temp_pool_then_calibrate_2025-09-23.npz,0.03609873793615442,0.954576248590888,1.1815144766146994,0.9898008338833226,0.9836365550092347,0.016363444990765252,0.0017943038939101802,0.0033628997996548874,0.05842944150669292,0.988052430112516,1.1409349263426516
stanfordnlp/sst2,1,pure_logits,greedy_5_temp_pool_then_calibrate,5,5,0.1184177100658416,1.5673469387755103,,,0.1479294300079345,0.0138790607452392,llm_experiments_data/arrays/extended_stanfordnlp_sst2_1_pure_logits_greedy_5_temp_pool_then_calibrate_2025-09-23.npz,0.0401818856718634,0.9610249264065008,1.1450445434298442,0.9911070940236504,0.9839764183406249,0.01602358165937512,0.010099607762488591,0.01031935909166992,0.06388323192803544,0.986660480222712,1.1141398909639253
stanfordnlp/sst2,1,pure_logits,greedy_50_temp_calibrate_then_pool,50,21,0.1117319464683532,1.92914618908788,0.0,1.0,0.1479294300079345,18.198532819747925,llm_experiments_data/arrays/extended_stanfordnlp_sst2_1_pure_logits_greedy_50_temp_calibrate_then_pool_2025-09-23.npz,0.03591314031180401,0.9610249264065008,1.1249072011878247,0.9923396776138612,0.9849927077009822,0.01500729229901776,0.005865217234217552,0.0063384552199307696,0.05851792383157448,0.987704442640065,1.0981324672311796
stanfordnlp/sst2,1,pure_logits,greedy_5_temp_calibrate_then_pool,5,5,0.1169319152832031,1.850379008746356,0.0,1.0,0.1479294300079345,24.27000451087952,llm_experiments_data/arrays/extended_stanfordnlp_sst2_1_pure_logits_greedy_5_temp_calibrate_then_pool_2025-09-23.npz,0.03934669636228656,0.9610249264065008,1.1424461766889384,0.9915128203993291,0.9840670496219702,0.015932950378029775,0.005791323979916896,0.00661569613059009,0.062290222108909485,0.9868924718710126,1.1056721958009512
stanfordnlp/sst2,1,pure_logits,greedy_5_post_calib,5,5,0.1162552163004875,1.7397251145356103,0.614743856726364,1.0,0.1479294300079345,59.23507332801819,llm_experiments_data/arrays/extended_stanfordnlp_sst2_1_pure_logits_greedy_5_post_calib_2025-09-23.npz,0.039253897550111355,0.9638973636691187,1.1454157386785448,0.9913882603283178,0.9840195550856742,0.01598044491432582,0.0038779682874591145,0.004689269265645363,0.06197626806250248,0.9875884468159146,1.1155318408537294
stanfordnlp/sst2,1,pure_logits,greedy_50_post_calib,50,21,0.1096661612391471,1.6433152852977928,0.6847147022074136,1.0,0.1479294300079345,74.9195487499237,llm_experiments_data/arrays/extended_stanfordnlp_sst2_1_pure_logits_greedy_50_post_calib_2025-09-23.npz,0.035541945063103195,0.9579239491627013,1.1424461766889384,0.9918023685442535,0.9850943668677491,0.014905633132250906,0.0034132955489374088,0.004137782240321009,0.05786794545193856,0.9870084676951629,1.1117039786567684
stanfordnlp/sst2,2,pure_logits,greedy_5_baseline,5,5,0.1326637417078018,,,,0.151773452758789,0.0,llm_experiments_data/arrays/extended_stanfordnlp_sst2_2_pure_logits_greedy_5_baseline_2025-09-23.npz,0.03749072011878248,0.9915700228248736,1.142817371937639,0.9912968536059377,0.9844635608502464,0.015536439149753556,0.01936002899273816,0.019233093124765233,0.061636559592687136,0.984920542860457,1.102772300197193
stanfordnlp/sst2,2,pure_logits,greedy_50_baseline,50,22,0.1110883653163909,,,,0.151773452758789,0.0,llm_experiments_data/arrays/extended_stanfordnlp_sst2_2_pure_logits_greedy_50_baseline_2025-09-23.npz,0.034985152190051966,0.9579239491627013,1.1594283593170007,0.9902701126112455,0.9835828435310595,0.016417156468940486,0.0039495141608412235,0.00413743965189454,0.05671550440596824,0.9861964969261107,1.1045122375594478
stanfordnlp/sst2,2,pure_logits,greedy_50_temp_pool_then_calibrate,50,22,0.1107177287340164,1.0714285714285714,,,0.151773452758789,0.0153825283050537,llm_experiments_data/arrays/extended_stanfordnlp_sst2_2_pure_logits_greedy_50_temp_pool_then_calibrate_2025-09-23.npz,0.034985152190051966,0.947060595353925,1.15673719376392,0.9902701300118659,0.9835828435310595,0.016417156468940486,0.0026592324531423835,0.00382272641948174,0.056775398045985505,0.9861964969261107,1.1045122375594478
stanfordnlp/sst2,2,pure_logits,greedy_5_temp_pool_then_calibrate,5,5,0.1171764582395553,1.5673469387755103,,,0.151773452758789,0.012932538986206,llm_experiments_data/arrays/extended_stanfordnlp_sst2_2_pure_logits_greedy_5_temp_pool_then_calibrate_2025-09-23.npz,0.03749072011878248,0.954576248590888,1.1430029695619897,0.991296975410279,0.9844635608502464,0.015536439149753556,0.013911494820668412,0.014304228641408054,0.06309547055791809,0.984920542860457,1.102772300197193
stanfordnlp/sst2,2,pure_logits,greedy_50_temp_calibrate_then_pool,50,22,0.1077447906136512,1.9211995002082467,0.0,1.0,0.151773452758789,14.121015310287476,llm_experiments_data/arrays/extended_stanfordnlp_sst2_2_pure_logits_greedy_50_temp_calibrate_then_pool_2025-09-23.npz,0.034242761692650336,0.954576248590888,1.1192464736451373,0.9925380050425606,0.985214003060411,0.014785996939589041,0.005820132880495877,0.009317095036761489,0.056100201394267475,0.9848045470363067,1.0758612689943161
stanfordnlp/sst2,2,pure_logits,greedy_5_temp_calibrate_then_pool,5,5,0.1114417910575866,1.8654227405247816,0.0,1.0,0.151773452758789,2.389597654342652,llm_experiments_data/arrays/extended_stanfordnlp_sst2_2_pure_logits_greedy_5_temp_calibrate_then_pool_2025-09-23.npz,0.03711952487008166,0.9509621946209896,1.125927988121752,0.9918903539592396,0.9847044939905369,0.015295506009463056,0.004306097454775116,0.005732954389179868,0.058666578102119234,0.9852685303329081,1.0895487762440552
stanfordnlp/sst2,2,pure_logits,greedy_5_post_calib,5,5,0.1121334433555603,1.7680133277800918,0.5747605164514785,1.0,0.151773452758789,9.211366653442385,llm_experiments_data/arrays/extended_stanfordnlp_sst2_2_pure_logits_greedy_5_post_calib_2025-09-23.npz,0.037305122494432075,0.954576248590888,1.1335374907201188,0.9916709147380749,0.9846270207573451,0.015372979242654905,0.003952967319651411,0.003337622369185313,0.05917938692474803,0.9848045470363067,1.0980164714070293
stanfordnlp/sst2,2,pure_logits,greedy_50_post_calib,50,22,0.1065568625926971,1.6296209912536446,0.6847147022074136,1.0,0.151773452758789,33.570459842681885,llm_experiments_data/arrays/extended_stanfordnlp_sst2_2_pure_logits_greedy_50_post_calib_2025-09-23.npz,0.03461395694135115,0.9509621946209896,1.1385486265775797,0.9918944953068439,0.9849424786338278,0.015057521366172222,0.0014093917557373263,0.003019357383605172,0.05588694516221446,0.9861964969261107,1.0911727177821597
stanfordnlp/sst2,3,pure_logits,greedy_5_baseline,5,5,0.1423054337501526,,,,19.17198729515076,0.0,llm_experiments_data/arrays/extended_stanfordnlp_sst2_3_pure_logits_greedy_5_baseline_2025-09-23.npz,0.03767631774313289,0.9927668021552672,1.1719561989606533,0.9894154561949106,0.9830830781613056,0.01691692183869442,0.0212440484306418,0.02175789520575895,0.0650903812179929,0.9932722421992808,1.2213200324788307
stanfordnlp/sst2,3,pure_logits,greedy_50_baseline,50,22,0.1187988147139549,,,,19.17198729515076,0.0,llm_experiments_data/arrays/extended_stanfordnlp_sst2_3_pure_logits_greedy_50_baseline_2025-09-23.npz,0.03609873793615442,0.9665581041966967,1.1760393466963623,0.9886360818674756,0.9823355748941435,0.01766442510585653,0.0057230362559391075,0.007210883455048141,0.05923725284105742,0.9931562463751304,1.2815218652128524
stanfordnlp/sst2,3,pure_logits,greedy_50_temp_pool_then_calibrate,50,22,0.1175118908286094,1.0714285714285714,,,19.17198729515076,0.0153479576110839,llm_experiments_data/arrays/extended_stanfordnlp_sst2_3_pure_logits_greedy_50_temp_pool_then_calibrate_2025-09-23.npz,0.03609873793615442,0.9579239491627013,1.1733481811432813,0.9886360470421075,0.9823355748941435,0.01766442510585653,0.00372987104484389,0.004725144076719062,0.059208285429978705,0.9931562463751304,1.2815218652128524
stanfordnlp/sst2,3,pure_logits,greedy_5_temp_pool_then_calibrate,5,5,0.1285979598760604,1.4020408163265308,,,19.17198729515076,0.0138876438140869,llm_experiments_data/arrays/extended_stanfordnlp_sst2_3_pure_logits_greedy_5_temp_pool_then_calibrate_2025-09-23.npz,0.03767631774313289,0.9713057528362042,1.1726985894580548,0.9894155780836995,0.9830830781613056,0.01691692183869442,0.022286567928265354,0.022134606279128565,0.06734431837209937,0.9932722421992808,1.2213200324788307
stanfordnlp/sst2,3,pure_logits,greedy_50_temp_calibrate_then_pool,50,22,0.1141073107719421,1.9057059558517289,0.0,1.0,19.17198729515076,16.013592958450317,llm_experiments_data/arrays/extended_stanfordnlp_sst2_3_pure_logits_greedy_50_temp_calibrate_then_pool_2025-09-23.npz,0.03646993318485523,0.9638973636691187,1.1319599109131404,0.9914125691718875,0.9842799056273009,0.015720094372699056,0.006987847210790983,0.006987947613863732,0.059111999842089716,0.9918802923094768,1.1499826006263774
stanfordnlp/sst2,3,pure_logits,greedy_5_temp_calibrate_then_pool,5,5,0.1176778301596641,1.7804581424406498,0.0,1.0,19.17198729515076,51.224384784698486,llm_experiments_data/arrays/extended_stanfordnlp_sst2_3_pure_logits_greedy_5_temp_calibrate_then_pool_2025-09-23.npz,0.0378619153674833,0.9638973636691187,1.1560876020786934,0.9902107457156091,0.983552371330266,0.016447628669734038,0.006041672177551961,0.006041666546749413,0.06168683179088785,0.9931562463751304,1.2026447047906275
stanfordnlp/sst2,3,pure_logits,greedy_5_post_calib,5,5,0.1177627444267273,1.753869221157851,0.2182423990004165,1.0,19.17198729515076,11.232393264770508,llm_experiments_data/arrays/extended_stanfordnlp_sst2_3_pure_logits_greedy_5_post_calib_2025-09-23.npz,0.0378619153674833,0.9665581041966967,1.1660170749814402,0.9901410079158062,0.9835232739092706,0.016476726090729366,0.0058625725767925884,0.006302818102843699,0.0616798144165297,0.9932722421992808,1.205312608746085
stanfordnlp/sst2,3,pure_logits,greedy_50_post_calib,50,22,0.1129917949438095,1.5924864639733447,0.7197001249479384,1.0,19.17198729515076,59.18821454048157,llm_experiments_data/arrays/extended_stanfordnlp_sst2_3_pure_logits_greedy_50_post_calib_2025-09-23.npz,0.03637713437268003,0.9638973636691187,1.1476429101707497,0.9906754902541208,0.9840329395402448,0.015967060459755156,0.005063575383416829,0.005290991031380166,0.05866985711888112,0.9921122839577775,1.1795615357847118
stanfordnlp/sst2,4,pure_logits,greedy_5_baseline,5,5,0.1273978799581527,,,,0.1502799987792968,0.0,llm_experiments_data/arrays/extended_stanfordnlp_sst2_4_pure_logits_greedy_5_baseline_2025-09-23.npz,0.036191536748329624,0.9866551233980249,1.1506124721603563,0.9913611818620089,0.9845636923861694,0.015436307613830635,0.020310638531898698,0.02055641317929532,0.06046819137505913,0.9894443800023199,1.142790859529057
stanfordnlp/sst2,4,pure_logits,greedy_50_baseline,50,22,0.1077410876750946,,,,0.1502799987792968,0.0,llm_experiments_data/arrays/extended_stanfordnlp_sst2_4_pure_logits_greedy_50_baseline_2025-09-23.npz,0.03461395694135115,0.9383014287164605,1.133723088344469,0.9906172582339648,0.983763507019895,0.01623649298010499,0.005628031563033107,0.00571458379073596,0.05513329127518141,0.9896763716506206,1.1272474190929127
stanfordnlp/sst2,4,pure_logits,greedy_50_temp_pool_then_calibrate,50,22,0.1073685437440872,0.9612244897959183,,,0.1502799987792968,0.0156519412994384,llm_experiments_data/arrays/extended_stanfordnlp_sst2_4_pure_logits_greedy_50_temp_pool_then_calibrate_2025-09-23.npz,0.03461395694135115,0.9428485727976632,1.1302895322939865,0.9906172582339646,0.983763507019895,0.01623649298010499,0.0030219646996273017,0.0041172723959973945,0.055101942743835765,0.9896763716506206,1.1272474190929127
stanfordnlp/sst2,4,pure_logits,greedy_5_temp_pool_then_calibrate,5,5,0.1185961365699768,1.5122448979591838,,,0.1502799987792968,0.0127203464508056,llm_experiments_data/arrays/extended_stanfordnlp_sst2_4_pure_logits_greedy_5_temp_pool_then_calibrate_2025-09-23.npz,0.036191536748329624,0.947060595353925,1.1529324424647365,0.9913611818620087,0.9845636923861694,0.015436307613830635,0.019067324382690633,0.01943553384578752,0.06380668790553526,0.9894443800023199,1.142790859529057
stanfordnlp/sst2,4,pure_logits,greedy_50_temp_calibrate_then_pool,50,22,0.1063795387744903,1.92914618908788,0.0,1.0,0.1502799987792968,14.137690544128418,llm_experiments_data/arrays/extended_stanfordnlp_sst2_4_pure_logits_greedy_50_temp_calibrate_then_pool_2025-09-23.npz,0.03433556050482554,0.954576248590888,1.1188752783964366,0.9932077628751927,0.9855245199395899,0.014475480060410106,0.006819578115817966,0.010447588069578786,0.05549840935003997,0.986660480222712,1.0814290685535322
stanfordnlp/sst2,4,pure_logits,greedy_5_temp_calibrate_then_pool,5,5,0.1091459020972251,1.850379008746356,0.0,1.0,0.1502799987792968,2.4463837146759038,llm_experiments_data/arrays/extended_stanfordnlp_sst2_4_pure_logits_greedy_5_temp_calibrate_then_pool_2025-09-23.npz,0.03656273199703044,0.9428485727976632,1.1241648106904232,0.9920754621024441,0.9848772872792771,0.015122712720722853,0.0045783565986041875,0.00755513884243296,0.057393952415175836,0.9878204384642153,1.1035842709662451
stanfordnlp/sst2,4,pure_logits,greedy_5_post_calib,5,5,0.1091101840138435,1.8202915451895043,0.2399000416493127,1.0,0.1502799987792968,56.13841199874878,llm_experiments_data/arrays/extended_stanfordnlp_sst2_4_pure_logits_greedy_5_post_calib_2025-09-23.npz,0.03656273199703044,0.947060595353925,1.134558277654046,0.9919977483565512,0.9848403653370191,0.01515963466298087,0.003575800903523157,0.0065239512298668695,0.05741520438683372,0.9881684259366663,1.107760120635657
stanfordnlp/sst2,4,pure_logits,greedy_50_post_calib,50,22,0.1040479019284248,1.6707038733860893,0.6047480216576426,1.0,0.1502799987792968,75.45387625694275,llm_experiments_data/arrays/extended_stanfordnlp_sst2_4_pure_logits_greedy_50_post_calib_2025-09-23.npz,0.034428359317000744,0.947060595353925,1.1201744617668894,0.99280834348152,0.9854987995444224,0.014501200455577568,0.004611307612683262,0.005912620604657725,0.054707946425246796,0.9890963925298689,1.1104280245911147
SetFit/mnli,0,pure_logits,greedy_5_baseline,5,5,0.5412836670875549,,,,0.1233527660369873,0.0,llm_experiments_data/arrays/extended_setfit_mnli_0_pure_logits_greedy_5_baseline_2025-09-23.npz,0.18461636401254117,0.9713057528362042,2.687170754221508,0.9158036980412647,0.8925237821475448,0.1074762178524552,0.02247015184799338,0.024926642094796326,0.2870930138252599,0.9915252551375654,2.690592237452006
SetFit/mnli,0,pure_logits,greedy_50_baseline,50,14,0.529163122177124,,,,0.1233527660369873,0.0,llm_experiments_data/arrays/extended_setfit_mnli_0_pure_logits_greedy_50_baseline_2025-09-23.npz,0.1853166329794853,0.954576248590888,2.6329158244871325,0.923604013161298,0.9027768233798251,0.09722317662017488,0.024389300347816407,0.03753482415595561,0.2839321425187677,0.990868760817236,2.604094137306782
SetFit/mnli,0,pure_logits,greedy_50_temp_pool_then_calibrate,50,14,0.529087245464325,1.0163265306122449,,,0.1233527660369873,0.0664997100830078,llm_experiments_data/arrays/extended_setfit_mnli_0_pure_logits_greedy_50_temp_pool_then_calibrate_2025-09-23.npz,0.1853166329794853,0.954576248590888,2.707733197523594,0.9236010292388747,0.9027800573826437,0.09721994261735634,0.020196393080747128,0.03960607900219266,0.2837059766280469,0.9908488670499532,2.603954880935803
SetFit/mnli,0,pure_logits,greedy_5_temp_pool_then_calibrate,5,5,0.5398650169372559,1.0714285714285714,,,0.1233527660369873,0.066843032836914,llm_experiments_data/arrays/extended_setfit_mnli_0_pure_logits_greedy_5_temp_pool_then_calibrate_2025-09-23.npz,0.18461636401254117,0.9638973636691187,2.6738019830343926,0.9157528228032686,0.8925390842192591,0.1074609157807409,0.02858856975498187,0.029640572006815892,0.28643033644883503,0.9916247239739789,2.694750034814093
SetFit/mnli,0,pure_logits,greedy_50_temp_calibrate_then_pool,50,14,0.495775818824768,1.983573511037068,0.0,1.0,0.1233527660369873,103.03322243690492,llm_experiments_data/arrays/extended_setfit_mnli_0_pure_logits_greedy_50_temp_calibrate_then_pool_2025-09-23.npz,0.18560310664778062,0.9428485727976632,2.226330113157099,0.9374585757867339,0.9239223402561966,0.07607765974380343,0.04243079883672108,0.04071008246088751,0.27397928135547117,0.9894960908747289,2.198261284739491
SetFit/mnli,0,pure_logits,greedy_5_temp_calibrate_then_pool,5,5,0.4951700270175934,1.9610329029571012,0.0,1.0,0.1233527660369873,13.344210147857666,llm_experiments_data/arrays/extended_setfit_mnli_0_pure_logits_greedy_5_temp_calibrate_then_pool_2025-09-23.npz,0.18425031432527494,0.9428485727976632,2.2250887272611526,0.9381446396077893,0.9243481586015169,0.07565184139848313,0.04336861557610505,0.04404496552390835,0.2736008700673364,0.9895955597111425,2.1965703145204607
SetFit/mnli,0,pure_logits,greedy_5_post_calib,5,5,0.4951700270175934,1.9610329029571012,0.0,1.0,0.1233527660369873,35.04497575759888,llm_experiments_data/arrays/extended_setfit_mnli_0_pure_logits_greedy_5_post_calib_2025-09-23.npz,0.18425031432527494,0.9428485727976632,2.2250887272611526,0.9381446396077893,0.9243481586015169,0.07565184139848313,0.04336861557610505,0.04404496552390835,0.2736008700673364,0.9895955597111425,2.1965703145204607
SetFit/mnli,0,pure_logits,greedy_50_post_calib,50,14,0.495775818824768,1.983573511037068,0.0,1.0,0.1233527660369873,214.2530782222748,llm_experiments_data/arrays/extended_setfit_mnli_0_pure_logits_greedy_50_post_calib_2025-09-23.npz,0.18560310664778062,0.9428485727976632,2.226330113157099,0.9374585757867339,0.9239223402561966,0.07607765974380343,0.04243079883672108,0.04071008246088751,0.27397928135547117,0.9894960908747289,2.198261284739491
SetFit/mnli,1,pure_logits,greedy_5_baseline,5,5,0.5487261414527893,,,,0.1281607151031494,0.0,llm_experiments_data/arrays/extended_setfit_mnli_1_pure_logits_greedy_5_baseline_2025-09-23.npz,0.18627154520713637,0.9753793916128501,2.637085607881209,0.9137877860598692,0.890511951517957,0.10948804848204297,0.030562650227162286,0.030562634738093827,0.2900117903621428,0.9890385342272267,2.6129269699803053
SetFit/mnli,1,pure_logits,greedy_50_baseline,50,14,0.5308570861816406,,,,0.1281607151031494,0.0,llm_experiments_data/arrays/extended_setfit_mnli_1_pure_logits_greedy_50_baseline_2025-09-23.npz,0.18671717091337356,0.954576248590888,2.631642608183598,0.9233817487025325,0.9028329641583835,0.09716703584161646,0.026458188001842332,0.038466330507685616,0.28544493218458566,0.9904708854715818,2.582907275150695
SetFit/mnli,1,pure_logits,greedy_50_temp_pool_then_calibrate,50,14,0.5307557582855225,1.0163265306122449,,,0.1281607151031494,0.0619065761566162,llm_experiments_data/arrays/extended_setfit_mnli_1_pure_logits_greedy_50_temp_pool_then_calibrate_2025-09-23.npz,0.18671717091337356,0.9509621946209896,2.5764486814253655,0.9233814030845836,0.9028319596963096,0.09716804030369042,0.020770227080183945,0.04054865755534814,0.28519844744327666,0.9904907792388644,2.5817733304155808
SetFit/mnli,1,pure_logits,greedy_5_temp_pool_then_calibrate,5,5,0.5441266894340515,1.126530612244898,,,0.1281607151031494,0.0654194355010986,llm_experiments_data/arrays/extended_setfit_mnli_1_pure_logits_greedy_5_temp_pool_then_calibrate_2025-09-23.npz,0.18627154520713637,0.9638973636691187,2.6308150175863,0.91374664267778,0.8905912630167196,0.10940873698328035,0.02787639878263009,0.027952282219248177,0.28897802735729977,0.9895756659438598,2.619611275787296
SetFit/mnli,1,pure_logits,greedy_50_temp_calibrate_then_pool,50,14,0.4966378509998321,1.983573511037068,0.0,1.0,0.1281607151031494,102.53329944610596,llm_experiments_data/arrays/extended_setfit_mnli_1_pure_logits_greedy_50_temp_calibrate_then_pool_2025-09-23.npz,0.18681266213613865,0.9428485727976632,2.222462718635112,0.937351610959975,0.9240609545367018,0.07593904546329822,0.0441687893568108,0.0428548687313499,0.2751302322804716,0.9898143911512524,2.194382000119363
SetFit/mnli,1,pure_logits,greedy_5_temp_calibrate_then_pool,5,5,0.4965198338031769,1.976976259891712,0.0,1.0,0.1281607151031494,20.866780519485477,llm_experiments_data/arrays/extended_setfit_mnli_1_pure_logits_greedy_5_temp_calibrate_then_pool_2025-09-23.npz,0.18579408909331083,0.9428485727976632,2.2234335460665573,0.9375721834772762,0.9238178287606175,0.07618217123938253,0.043360465450342146,0.04560112799319861,0.2749517038453857,0.9904708854715818,2.2140370421946804
SetFit/mnli,1,pure_logits,greedy_5_post_calib,5,5,0.4965198338031769,1.976976259891712,0.0,1.0,0.1281607151031494,47.72607851028442,llm_experiments_data/arrays/extended_setfit_mnli_1_pure_logits_greedy_5_post_calib_2025-09-23.npz,0.18579408909331083,0.9428485727976632,2.2234335460665573,0.9375721834772762,0.9238178287606175,0.07618217123938253,0.043360465450342146,0.04560112799319861,0.2749517038453857,0.9904708854715818,2.2140370421946804
SetFit/mnli,1,pure_logits,greedy_50_post_calib,50,14,0.4966378509998321,1.983573511037068,0.0,1.0,0.1281607151031494,247.94170141220093,llm_experiments_data/arrays/extended_setfit_mnli_1_pure_logits_greedy_50_post_calib_2025-09-23.npz,0.18681266213613865,0.9428485727976632,2.222462718635112,0.937351610959975,0.9240609545367018,0.07593904546329822,0.0441687893568108,0.0428548687313499,0.2751302322804716,0.9898143911512524,2.194382000119363
SetFit/mnli,2,pure_logits,greedy_5_baseline,5,5,0.5439597964286804,,,,0.1167545318603515,0.0,llm_experiments_data/arrays/extended_setfit_mnli_2_pure_logits_greedy_5_baseline_2025-09-23.npz,0.1853166329794853,0.9713057528362042,2.6879505992074226,0.9149456566746599,0.8919796102739482,0.10802038972605177,0.023097641182551407,0.025671200398669658,0.2882438469627237,0.990868760817236,2.6765671315176953
SetFit/mnli,2,pure_logits,greedy_50_baseline,50,14,0.5307487845420837,,,,0.1167545318603515,0.0,llm_experiments_data/arrays/extended_setfit_mnli_2_pure_logits_greedy_50_baseline_2025-09-23.npz,0.18560310664778062,0.9579239491627013,2.6866296372925054,0.922552002004725,0.9019666044475066,0.09803339555249335,0.023982065659080246,0.03476660000669475,0.2847513340753519,0.9896353472457079,2.5959376927208706
SetFit/mnli,2,pure_logits,greedy_50_temp_pool_then_calibrate,50,14,0.5305970907211304,1.0163265306122449,,,0.1167545318603515,0.0597760677337646,llm_experiments_data/arrays/extended_setfit_mnli_2_pure_logits_greedy_50_temp_pool_then_calibrate_2025-09-23.npz,0.18560310664778062,0.954576248590888,2.6392659908010123,0.9225479137052742,0.9019676231268294,0.09803237687317057,0.019016334258955846,0.03628907041716413,0.28451147624089507,0.9896154534784252,2.5957785425826088
SetFit/mnli,2,pure_logits,greedy_5_temp_pool_then_calibrate,5,5,0.5423628687858582,1.0714285714285714,,,0.1167545318603515,0.0621974468231201,llm_experiments_data/arrays/extended_setfit_mnli_2_pure_logits_greedy_5_temp_pool_then_calibrate_2025-09-23.npz,0.1853166329794853,0.9638973636691187,2.674422675982366,0.9148956616770126,0.8919948195556032,0.10800518044439678,0.02842830009793452,0.03016505999787328,0.2875668497534348,0.9909881234209322,2.6806851413452164
SetFit/mnli,2,pure_logits,greedy_50_temp_calibrate_then_pool,50,14,0.4965460002422333,1.983573511037068,0.0,1.0,0.1167545318603515,104.35334968566896,llm_experiments_data/arrays/extended_setfit_mnli_2_pure_logits_greedy_50_temp_calibrate_then_pool_2025-09-23.npz,0.18585774990848758,0.9428485727976632,2.2207916222367228,0.9372320116896442,0.9239106454764772,0.07608935452352283,0.04357915936808679,0.04181744736001312,0.274613293841723,0.9903913104024509,2.226709371953767
SetFit/mnli,2,pure_logits,greedy_5_temp_calibrate_then_pool,5,5,0.4959542453289032,1.9610329029571012,0.0,1.0,0.1167545318603515,55.97028160095215,llm_experiments_data/arrays/extended_setfit_mnli_2_pure_logits_greedy_5_temp_calibrate_then_pool_2025-09-23.npz,0.18518931134913183,0.9428485727976632,2.229163019432464,0.9379254176981199,0.9245884288536765,0.07541157114632346,0.04421640030113977,0.047707078300185585,0.2742193626758325,0.9886207651142896,2.18276404002626
SetFit/mnli,2,pure_logits,greedy_5_post_calib,5,5,0.4959542453289032,1.9610329029571012,0.0,1.0,0.1167545318603515,24.82005190849304,llm_experiments_data/arrays/extended_setfit_mnli_2_pure_logits_greedy_5_post_calib_2025-09-23.npz,0.18518931134913183,0.9428485727976632,2.229163019432464,0.9379254176981199,0.9245884288536765,0.07541157114632346,0.04421640030113977,0.047707078300185585,0.2742193626758325,0.9886207651142896,2.18276404002626
SetFit/mnli,2,pure_logits,greedy_50_post_calib,50,14,0.4965460002422333,1.983573511037068,0.0,1.0,0.1167545318603515,202.5595030784607,llm_experiments_data/arrays/extended_setfit_mnli_2_pure_logits_greedy_50_post_calib_2025-09-23.npz,0.18585774990848758,0.9428485727976632,2.2207916222367228,0.9372320116896442,0.9239106454764772,0.07608935452352283,0.04357915936808679,0.04181744736001312,0.274613293841723,0.9903913104024509,2.226709371953767
SetFit/mnli,3,pure_logits,greedy_5_baseline,5,5,0.5503612756729126,,,,4.764642715454102,0.0,llm_experiments_data/arrays/extended_setfit_mnli_3_pure_logits_greedy_5_baseline_2025-09-23.npz,0.1869877293778747,0.9753793916128501,2.6360192892269985,0.9133830264438934,0.890359323913898,0.10964067608610195,0.03204977262919972,0.03204974066639513,0.2911558071019136,0.9906101418425607,2.6385899297750015
SetFit/mnli,3,pure_logits,greedy_50_baseline,50,15,0.5341354012489319,,,,4.764642715454102,0.0,llm_experiments_data/arrays/extended_setfit_mnli_3_pure_logits_greedy_50_baseline_2025-09-23.npz,0.18716279661961072,0.954576248590888,2.632438368373307,0.9222024920181351,0.9012440704255437,0.09875592957445634,0.025484871258055757,0.03525015998884227,0.2872241415318099,0.9900929038932103,2.588756042731812
SetFit/mnli,3,pure_logits,greedy_50_temp_pool_then_calibrate,50,15,0.5340104699134827,1.0163265306122449,,,4.764642715454102,0.0562212467193603,llm_experiments_data/arrays/extended_setfit_mnli_3_pure_logits_greedy_50_temp_pool_then_calibrate_2025-09-23.npz,0.18716279661961072,0.954576248590888,2.7061098467365876,0.9222039615164602,0.9012488307134915,0.09875116928650851,0.020261798687598778,0.03730689208696846,0.28698441369317046,0.9901724789623411,2.5895517934231207
SetFit/mnli,3,pure_logits,greedy_5_temp_pool_then_calibrate,5,5,0.5454707145690918,1.126530612244898,,,4.764642715454102,0.055166482925415,llm_experiments_data/arrays/extended_setfit_mnli_3_pure_logits_greedy_5_temp_pool_then_calibrate_2025-09-23.npz,0.1869877293778747,0.9638973636691187,2.630210239842121,0.9133457663493457,0.8904421778279488,0.10955782217205123,0.02748920472826357,0.02764598287958249,0.2899642450001072,0.9906101418425607,2.6380527980583683
SetFit/mnli,3,pure_logits,greedy_50_temp_calibrate_then_pool,50,15,0.5007779598236084,1.976976259891712,0.0,1.0,4.764642715454102,104.09148788452148,llm_experiments_data/arrays/extended_setfit_mnli_3_pure_logits_greedy_50_temp_calibrate_then_pool_2025-09-23.npz,0.18741743988031767,0.947060595353925,2.273932487705505,0.9359771048621207,0.9223172387421702,0.0776827612578298,0.04351686338003388,0.038437239630428416,0.2773858783500262,0.990729504446257,2.233214633855213
SetFit/mnli,3,pure_logits,greedy_5_temp_calibrate_then_pool,5,5,0.4989266693592071,1.976976259891712,0.0,1.0,4.764642715454102,13.169184923171995,llm_experiments_data/arrays/extended_setfit_mnli_3_pure_logits_greedy_5_temp_calibrate_then_pool_2025-09-23.npz,0.18638295163369567,0.9428485727976632,2.222558209857877,0.9369094896910398,0.9228246861794168,0.07717531382058318,0.043639787495180826,0.04367110130230356,0.27625119765909784,0.9917241928103925,2.266556587821036
SetFit/mnli,3,pure_logits,greedy_5_post_calib,5,5,0.4989266693592071,1.976976259891712,0.0,1.0,4.764642715454102,34.95764899253845,llm_experiments_data/arrays/extended_setfit_mnli_3_pure_logits_greedy_5_post_calib_2025-09-23.npz,0.18638295163369567,0.9428485727976632,2.222558209857877,0.9369094896910398,0.9228246861794168,0.07717531382058318,0.043639787495180826,0.04367110130230356,0.27625119765909784,0.9917241928103925,2.266556587821036
SetFit/mnli,3,pure_logits,greedy_50_post_calib,50,15,0.5007779598236084,1.976976259891712,0.0,1.0,4.764642715454102,209.456267118454,llm_experiments_data/arrays/extended_setfit_mnli_3_pure_logits_greedy_50_post_calib_2025-09-23.npz,0.18741743988031767,0.947060595353925,2.273932487705505,0.9359771048621207,0.9223172387421702,0.0776827612578298,0.04351686338003388,0.038437239630428416,0.2773858783500262,0.990729504446257,2.233214633855213
SetFit/mnli,4,pure_logits,greedy_5_baseline,5,5,0.5483366250991821,,,,12.321622371673584,0.0,llm_experiments_data/arrays/extended_setfit_mnli_4_pure_logits_greedy_5_baseline_2025-09-23.npz,0.18571451307433992,0.9771939142407526,2.6728470708067418,0.9141451563567032,0.8918764495758835,0.10812355042411648,0.030895214548537137,0.030895148144183746,0.28938647304972254,0.9915053613702827,2.6705990013328824
SetFit/mnli,4,pure_logits,greedy_50_baseline,50,13,0.5302943587303162,,,,12.321622371673584,0.0,llm_experiments_data/arrays/extended_setfit_mnli_4_pure_logits_greedy_50_baseline_2025-09-23.npz,0.18617605398437126,0.9579239491627013,2.6757754683048716,0.9229646419856016,0.9024991504083735,0.09750084959162653,0.027497173021583162,0.03682074071764009,0.28478717591600616,0.9904509917042991,2.6032983866154735
SetFit/mnli,4,pure_logits,greedy_50_temp_pool_then_calibrate,50,13,0.5301140546798706,1.0163265306122449,,,12.321622371673584,0.0638735294342041,llm_experiments_data/arrays/extended_setfit_mnli_4_pure_logits_greedy_50_temp_pool_then_calibrate_2025-09-23.npz,0.18617605398437126,0.954576248590888,2.6272340967326087,0.9229596095178269,0.902501142867414,0.09749885713258599,0.02116823099651884,0.039327555209283965,0.2845257803747862,0.9904907792388644,2.604193606143195
SetFit/mnli,4,pure_logits,greedy_5_temp_pool_then_calibrate,5,5,0.5436326265335083,1.126530612244898,,,12.321622371673584,0.0599880218505859,llm_experiments_data/arrays/extended_setfit_mnli_4_pure_logits_greedy_5_temp_pool_then_calibrate_2025-09-23.npz,0.18571451307433992,0.9665581041966967,2.6741998631292474,0.9140981998306098,0.891959335589421,0.10804066441057902,0.02753305148033367,0.028491455998696274,0.2883146444028299,0.9916446177412617,2.6742793482801837
SetFit/mnli,4,pure_logits,greedy_50_temp_calibrate_then_pool,50,13,0.4961307346820831,1.976976259891712,0.0,1.0,12.321622371673584,158.1866114139557,llm_experiments_data/arrays/extended_setfit_mnli_4_pure_logits_greedy_50_temp_calibrate_then_pool_2025-09-23.npz,0.1862556300033422,0.9428485727976632,2.2236722741234702,0.937538783795114,0.9242548367077104,0.07574516329228964,0.04568330598215593,0.04300314352873708,0.27435393518846307,0.9903714166351683,2.2284799172419283
SetFit/mnli,4,pure_logits,greedy_5_temp_calibrate_then_pool,5,5,0.4959589540958404,1.976976259891712,0.0,1.0,12.321622371673584,12.544542074203491,llm_experiments_data/arrays/extended_setfit_mnli_4_pure_logits_greedy_5_temp_calibrate_then_pool_2025-09-23.npz,0.18506198971877835,0.947060595353925,2.283704422835134,0.9378322547464987,0.9242642362351018,0.07573576376489821,0.04440054753970614,0.04641296216293461,0.2741884683518216,0.9918634491813715,2.2716493922454095
SetFit/mnli,4,pure_logits,greedy_5_post_calib,5,5,0.4959589540958404,1.976976259891712,0.0,1.0,12.321622371673584,23.69275379180908,llm_experiments_data/arrays/extended_setfit_mnli_4_pure_logits_greedy_5_post_calib_2025-09-23.npz,0.18506198971877835,0.947060595353925,2.283704422835134,0.9378322547464987,0.9242642362351018,0.07573576376489821,0.04440054753970614,0.04641296216293461,0.2741884683518216,0.9918634491813715,2.2716493922454095
SetFit/mnli,4,pure_logits,greedy_50_post_calib,50,13,0.4961307346820831,1.976976259891712,0.0,1.0,12.321622371673584,289.15637707710266,llm_experiments_data/arrays/extended_setfit_mnli_4_pure_logits_greedy_50_post_calib_2025-09-23.npz,0.1862556300033422,0.9428485727976632,2.2236722741234702,0.937538783795114,0.9242548367077104,0.07574516329228964,0.04568330598215593,0.04300314352873708,0.27435393518846307,0.9903714166351683,2.2284799172419283
