dataset,split_idx,method,ensemble_type,ensemble_size,ensemble_unique_size,nll_test,c1,c2,epi_scalar,ensemble_time,calibration_time,path,threshold,set_size,auc,aurac,aorac,ece,ece_adaptive,brier_score,conformal_coverage,conformal_set_size,accuracy
MNIST,0,pure_logits,greedy_5_baseline,5,4,0.030591931194067,,,,1.1776514053344729,0.0,cnn_experiments_data/arrays/mnist_0_pure_logits_greedy_5_baseline_2025-11-30.npz,0.9713057528362042,1.1068571428571428,0.9999209985659337,0.9898502430217929,0.01014975697820708,0.00596039037832197,0.00596039037832197,0.014061544163475607,0.9997321428571428,1.2778571428571428,0.9915714285714285
MNIST,0,pure_logits,greedy_5_temp_pool_then_calibrate,5,4,0.0291338451206684,0.8510204081632653,,,1.1776514053344729,0.027888536453247,cnn_experiments_data/arrays/mnist_0_pure_logits_greedy_5_temp_pool_then_calibrate_2025-11-30.npz,0.9855933637950631,1.108,0.9999210568340418,0.9898508455671922,0.010149154432807839,0.0028603990546294377,0.0028603990546294377,0.013575386181470084,0.9997321428571428,1.2780357142857144,0.9915714285714285
MNIST,0,pure_logits,greedy_5_temp_calibrate_then_pool,5,4,0.0297669954597949,0.8475468554768846,1.0,1.0,1.1776514053344729,5.291286945343018,cnn_experiments_data/arrays/mnist_0_pure_logits_greedy_5_temp_calibrate_then_pool_2025-11-30.npz,0.9855933637950631,1.1151428571428572,0.9999199442327752,0.9898450085663314,0.010154991433668603,0.0037165617197752483,0.0037165617197752483,0.013853280822189926,0.9998214285714285,1.2764285714285715,0.9914285714285714
MNIST,0,pure_logits,greedy_5_post_calib,5,4,0.0278791543096303,1.0121782590587256,0.3365264473136193,1.0,1.1776514053344729,8.663672685623169,cnn_experiments_data/arrays/mnist_0_pure_logits_greedy_5_post_calib_2025-11-30.npz,0.9866551233980249,1.1077142857142857,0.9999248039787776,0.9898673842266721,0.010132615773327913,0.0024752088763884228,0.0024752088763884228,0.01315261094848655,1.0,1.4905357142857143,0.9917857142857143
MNIST,1,pure_logits,greedy_5_baseline,5,4,0.0345979407429695,,,,0.0509045124053955,0.0,cnn_experiments_data/arrays/mnist_1_pure_logits_greedy_5_baseline_2025-11-30.npz,0.9818738040176085,1.1314285714285715,0.9998845986317993,0.9897080639911499,0.010291936008850144,0.003857114217111042,0.003857114217111042,0.016247858875244922,1.0,2.170714285714286,0.989
MNIST,1,pure_logits,greedy_5_temp_pool_then_calibrate,5,4,0.0341111980378627,0.7959183673469388,,,0.0509045124053955,0.0251791477203369,cnn_experiments_data/arrays/mnist_1_pure_logits_greedy_5_temp_pool_then_calibrate_2025-11-30.npz,0.9942510800363944,1.134,0.9998851879744999,0.9897119755264394,0.010288024473560586,0.002429531135729346,0.002429531135729346,0.01594814112780746,1.0,2.1301785714285715,0.989
MNIST,1,pure_logits,greedy_5_temp_calibrate_then_pool,5,4,0.0345069207251071,0.812161599333611,1.0,1.0,0.0509045124053955,4.254662752151489,cnn_experiments_data/arrays/mnist_1_pure_logits_greedy_5_temp_calibrate_then_pool_2025-11-30.npz,0.992191306592376,1.1349285714285715,0.9998823034126684,0.9897022382160671,0.010297761783932935,0.002137022352644328,0.002137022352644328,0.016125968944774128,1.0,2.15125,0.9890714285714286
MNIST,1,pure_logits,greedy_5_post_calib,5,4,0.0323186516761779,1.0121782590587256,0.0,1.0,0.0509045124053955,16.337769985198975,cnn_experiments_data/arrays/mnist_1_pure_logits_greedy_5_post_calib_2025-11-30.npz,0.992191306592376,1.1184285714285713,0.9999051035254661,0.9897595750813524,0.010240424918647628,0.0026234590815646815,0.0026234590815646815,0.015732957091746245,1.0,1.8246428571428572,0.9893571428571428
MNIST,2,pure_logits,greedy_5_baseline,5,3,0.0369342416524887,,,,0.0166423320770263,0.0,cnn_experiments_data/arrays/mnist_2_pure_logits_greedy_5_baseline_2025-11-30.npz,0.9734204999598582,1.1123571428571428,0.9999001034117716,0.9896840043438068,0.010315995656193233,0.004874784925154321,0.004874784925154321,0.017680135091999963,0.9983928571428572,1.09375,0.9884285714285714
MNIST,2,pure_logits,greedy_5_temp_pool_then_calibrate,5,3,0.0363812819123268,0.8510204081632653,,,0.0166423320770263,0.0268163681030273,cnn_experiments_data/arrays/mnist_2_pure_logits_greedy_5_temp_pool_then_calibrate_2025-11-30.npz,0.9844471273184587,1.106142857142857,0.9999002998200549,0.9896800766331885,0.010319923366811534,0.002417794708694712,0.002417794708694712,0.017446032475566406,0.9984821428571429,1.0945535714285715,0.9884285714285714
MNIST,2,pure_logits,greedy_5_temp_calibrate_then_pool,5,3,0.0368392765522003,0.8614410662224073,1.0,1.0,0.0166423320770263,4.712498664855957,cnn_experiments_data/arrays/mnist_2_pure_logits_greedy_5_temp_calibrate_then_pool_2025-11-30.npz,0.9832096927272072,1.1105714285714285,0.9998993143107748,0.9896760874555153,0.010323912544484726,0.003934178888797746,0.003934178888797746,0.017681211481939595,0.9984821428571429,1.0920535714285715,0.988
MNIST,2,pure_logits,greedy_5_post_calib,5,3,0.0341688618063926,1.0038817159516868,0.4231570179092045,1.0,0.0166423320770263,20.12933897972107,cnn_experiments_data/arrays/mnist_2_pure_logits_greedy_5_post_calib_2025-11-30.npz,0.9855933637950631,1.1037857142857144,0.9999014016902505,0.9897012737769942,0.01029872622300576,0.0012575093167169103,0.0012575093167169103,0.016499431287798745,0.9984821428571429,1.0820535714285715,0.9890714285714286
MNIST,3,pure_logits,greedy_5_baseline,5,4,0.0305227804929018,,,,0.0169262886047363,0.0,cnn_experiments_data/arrays/mnist_3_pure_logits_greedy_5_baseline_2025-11-30.npz,0.9665581041966967,1.1002857142857143,0.9999384806114111,0.9898523958340338,0.010147604165966162,0.005729232494320213,0.005729232494320213,0.014578540355805594,0.9988392857142857,1.0989285714285715,0.9909285714285714
MNIST,3,pure_logits,greedy_5_temp_pool_then_calibrate,5,4,0.0288090147078037,0.7959183673469388,,,0.0169262886047363,0.0263838768005371,cnn_experiments_data/arrays/mnist_3_pure_logits_greedy_5_temp_pool_then_calibrate_2025-11-30.npz,0.9855933637950631,1.0974285714285714,0.9999385600931122,0.9898515066592634,0.010148493340736642,0.0020138967846120856,0.0020138967846120856,0.014058408756725208,0.99875,1.0895535714285713,0.9909285714285714
MNIST,3,pure_logits,greedy_5_temp_calibrate_then_pool,5,4,0.0297685991972684,0.7680299875052061,1.0,1.0,0.0169262886047363,10.08353853225708,cnn_experiments_data/arrays/mnist_3_pure_logits_greedy_5_temp_calibrate_then_pool_2025-11-30.npz,0.9844471273184587,1.0992142857142857,0.9999358515730634,0.9898462335837095,0.01015376641629051,0.0026025164255074193,0.0026025164255074193,0.014430913689571676,0.9986607142857142,1.0914285714285714,0.991
MNIST,3,pure_logits,greedy_5_post_calib,5,4,0.0276371054351329,0.9320116618075802,0.5947521865889213,1.0,0.0169262886047363,8.821837902069092,cnn_experiments_data/arrays/mnist_3_pure_logits_greedy_5_post_calib_2025-11-30.npz,0.9832096927272072,1.087,0.9999433111303879,0.9898679353798204,0.01013206462017957,0.0012010692038706876,0.0012010692038706876,0.013715918225980193,0.9986607142857142,1.0807142857142857,0.9911428571428571
MNIST,4,pure_logits,greedy_5_baseline,5,4,0.0313353240489959,,,,0.0172648429870605,0.0,cnn_experiments_data/arrays/mnist_4_pure_logits_greedy_5_baseline_2025-11-30.npz,0.9713057528362042,1.1030714285714285,0.9999308530601783,0.98982435304983,0.010175646950170036,0.004681768076760376,0.004681768076760376,0.01513063507288281,0.999375,1.126607142857143,0.9907142857142858
MNIST,4,pure_logits,greedy_5_temp_pool_then_calibrate,5,4,0.0303436256945133,0.7959183673469388,,,0.0172648429870605,0.0266115665435791,cnn_experiments_data/arrays/mnist_4_pure_logits_greedy_5_temp_pool_then_calibrate_2025-11-30.npz,0.9893935394612752,1.1035,0.9999309693343157,0.9898221691371175,0.010177830862882487,0.002704616518957244,0.002704616518957244,0.014678649861714166,0.999375,1.1336607142857142,0.9907142857142858
MNIST,4,pure_logits,greedy_5_temp_calibrate_then_pool,5,4,0.030984703451395,0.7991670137442732,1.0,1.0,0.0172648429870605,4.369139671325684,cnn_experiments_data/arrays/mnist_4_pure_logits_greedy_5_temp_calibrate_then_pool_2025-11-30.npz,0.9876386320173118,1.1076428571428572,0.999928784973506,0.9898147394397845,0.010185260560215514,0.003024679596935005,0.003024679596935005,0.015033093915600256,0.9990178571428572,1.1100892857142857,0.9905714285714285
MNIST,4,pure_logits,greedy_5_post_calib,5,4,0.0294795483350753,0.9573011245314452,0.5747605164514785,1.0,0.0172648429870605,13.50652527809143,cnn_experiments_data/arrays/mnist_4_pure_logits_greedy_5_post_calib_2025-11-30.npz,0.9866551233980249,1.0960714285714286,0.9999360680520711,0.9898431877727564,0.010156812227243628,0.0016934106158359194,0.0016934106158359194,0.014430242162616362,0.9992857142857143,1.1072321428571428,0.991
MNIST,5,pure_logits,greedy_5_baseline,5,4,0.0346824489533901,,,,0.1117005348205566,0.0,cnn_experiments_data/arrays/mnist_5_pure_logits_greedy_5_baseline_2025-11-30.npz,0.9844471273184587,1.1482142857142856,0.999873308316376,0.9897835854389937,0.010216414561006304,0.005565732572759858,0.005565732572759858,0.015458149813043703,0.9991964285714285,1.2289285714285714,0.9905714285714285
MNIST,5,pure_logits,greedy_5_temp_pool_then_calibrate,5,4,0.0342302694916725,0.7408163265306122,,,0.1117005348205566,0.0266520977020263,cnn_experiments_data/arrays/mnist_5_pure_logits_greedy_5_temp_pool_then_calibrate_2025-11-30.npz,0.9973263411627071,1.1582142857142856,0.9998750298351174,0.9897804289943662,0.010219571005633754,0.003181860470345998,0.003181860470345998,0.01488505900161737,0.9992857142857143,1.2504464285714285,0.9905714285714285
MNIST,5,pure_logits,greedy_5_temp_calibrate_then_pool,5,4,0.0346555151045322,0.7926697209496043,1.0,1.0,0.1117005348205566,4.575105428695679,cnn_experiments_data/arrays/mnist_5_pure_logits_greedy_5_temp_calibrate_then_pool_2025-11-30.npz,0.9954307788259918,1.1639285714285714,0.9998718435662534,0.9897743557212021,0.010225644278797907,0.0027396595903804942,0.0027396595903804942,0.015305590495366155,0.9992857142857143,1.2488392857142858,0.9906428571428572
MNIST,5,pure_logits,greedy_5_post_calib,5,4,0.0319365374743938,1.0038817159516868,0.0,1.0,0.1117005348205566,9.71542239189148,cnn_experiments_data/arrays/mnist_5_pure_logits_greedy_5_post_calib_2025-11-30.npz,0.9901752286196761,1.1065,0.9998904350863826,0.9898287668617807,0.010171233138219327,0.0019067561796733325,0.0019067561796733325,0.01450781704180768,0.9991071428571429,1.1883035714285715,0.9907142857142858
MNIST,6,pure_logits,greedy_5_baseline,5,4,0.0309861470013856,,,,0.0153861045837402,0.0,cnn_experiments_data/arrays/mnist_6_pure_logits_greedy_5_baseline_2025-11-30.npz,0.9713057528362042,1.106,0.9999161532385795,0.989827416682087,0.010172583317913042,0.005577540768044375,0.005577540768044375,0.014659459095129126,0.9985714285714286,1.0790178571428573,0.991
MNIST,6,pure_logits,greedy_5_temp_pool_then_calibrate,5,4,0.0297034867107868,0.8510204081632653,,,0.0153861045837402,0.0244617462158203,cnn_experiments_data/arrays/mnist_6_pure_logits_greedy_5_temp_pool_then_calibrate_2025-11-30.npz,0.9844471273184587,1.1037142857142856,0.9999160887579966,0.9898265129871383,0.010173487012861693,0.0022440546452999364,0.0022440546452999364,0.014251410635019673,0.9985714285714286,1.0767857142857142,0.991
MNIST,6,pure_logits,greedy_5_temp_calibrate_then_pool,5,4,0.030324837192893,0.8405997501041232,1.0,1.0,0.0153861045837402,9.107582807540894,cnn_experiments_data/arrays/mnist_6_pure_logits_greedy_5_temp_calibrate_then_pool_2025-11-30.npz,0.9844471273184587,1.1080714285714286,0.9999145469242141,0.989821333267249,0.01017866673275103,0.0031014701638902784,0.0031014701638902784,0.014522757894590517,0.99875,1.0930357142857143,0.9909285714285714
MNIST,6,pure_logits,greedy_5_post_calib,5,4,0.0286013707518577,0.9651478550603916,0.5747605164514785,1.0,0.0153861045837402,8.987476110458374,cnn_experiments_data/arrays/mnist_6_pure_logits_greedy_5_post_calib_2025-11-30.npz,0.9855933637950631,1.1008571428571428,0.9999208055245651,0.9898391799645092,0.010160820035490792,0.001587197599666421,0.001587197599666421,0.013802460724270762,0.9983035714285714,1.0610714285714287,0.9912142857142857
MNIST,7,pure_logits,greedy_5_baseline,5,4,0.0342251993715763,,,,0.3676505088806152,0.0,cnn_experiments_data/arrays/mnist_7_pure_logits_greedy_5_baseline_2025-11-30.npz,0.9771939142407526,1.1207142857142858,0.9999090957413298,0.9897990600805983,0.010200939919401741,0.005789041319063746,0.005789041319063746,0.01607797503057709,0.9994642857142857,1.212767857142857,0.9904285714285714
MNIST,7,pure_logits,greedy_5_temp_pool_then_calibrate,5,4,0.0337041430175304,0.7408163265306122,,,0.3676505088806152,0.0263595581054687,cnn_experiments_data/arrays/mnist_7_pure_logits_greedy_5_temp_pool_then_calibrate_2025-11-30.npz,0.9946747716526181,1.123,0.999910005452105,0.9897968107256694,0.010203189274330615,0.0021859817164285034,0.0021859817164285034,0.015477299729561944,0.9994642857142857,1.194732142857143,0.9904285714285714
MNIST,7,pure_logits,greedy_5_temp_calibrate_then_pool,5,4,0.0344183854758739,0.7666805497709288,1.0,1.0,0.3676505088806152,5.308121919631958,cnn_experiments_data/arrays/mnist_7_pure_logits_greedy_5_temp_calibrate_then_pool_2025-11-30.npz,0.9915700228248736,1.1237142857142857,0.9999071852157053,0.9897899810017702,0.01021001899822982,0.0037568595537117535,0.0037568595537117535,0.01597021334059365,0.9994642857142857,1.21875,0.9905
MNIST,7,pure_logits,greedy_5_post_calib,5,4,0.0315707623958587,0.980841316118284,0.3898375676801333,1.0,0.3676505088806152,9.774395227432253,cnn_experiments_data/arrays/mnist_7_pure_logits_greedy_5_post_calib_2025-11-30.npz,0.992191306592376,1.1112857142857142,0.9999191068203362,0.9898121374210338,0.0101878625789662,0.0017086270451545393,0.0017086270451545393,0.01497363070061533,0.9996428571428572,1.2439285714285715,0.9905714285714285
MNIST,8,pure_logits,greedy_5_baseline,5,4,0.0310184117406606,,,,0.01664400100708,0.0,cnn_experiments_data/arrays/mnist_8_pure_logits_greedy_5_baseline_2025-11-30.npz,0.9753793916128501,1.1032857142857142,0.9999069507414438,0.9898230874643187,0.010176912535681315,0.005214025840163259,0.005214025840163259,0.014291487410290793,1.0,2.056339285714286,0.9915714285714285
MNIST,8,pure_logits,greedy_5_temp_pool_then_calibrate,5,4,0.0303879920393228,0.9061224489795918,,,0.01664400100708,0.0277502536773681,cnn_experiments_data/arrays/mnist_8_pure_logits_greedy_5_temp_pool_then_calibrate_2025-11-30.npz,0.9832096927272072,1.1017142857142856,0.9999074523396596,0.989820145252757,0.010179854747243033,0.0034522312070642473,0.0034522312070642473,0.014056967958536306,1.0,2.0539285714285715,0.9915714285714285
MNIST,8,pure_logits,greedy_5_temp_calibrate_then_pool,5,4,0.0309235230088233,0.9729945855893378,1.0,1.0,0.01664400100708,4.243011713027954,cnn_experiments_data/arrays/mnist_8_pure_logits_greedy_5_temp_calibrate_then_pool_2025-11-30.npz,0.9771939142407526,1.103,0.9999067730731689,0.9898230655917338,0.01017693440826617,0.004825925846185009,0.004825925846185009,0.014268988296569862,1.0,2.0616964285714285,0.9916428571428572
MNIST,8,pure_logits,greedy_5_post_calib,5,4,0.0285982862114906,1.149521032902957,0.3498542274052478,1.0,0.01664400100708,17.031908750534058,cnn_experiments_data/arrays/mnist_8_pure_logits_greedy_5_post_calib_2025-11-30.npz,0.9771939142407526,1.0865,0.9999227028543919,0.9898267988834345,0.0101732011165655,0.002351272455283617,0.002351272455283617,0.013495631009489386,1.0,1.7300892857142858,0.9915
MNIST,9,pure_logits,greedy_5_baseline,5,4,0.0390089116990566,,,,0.101330280303955,0.0,cnn_experiments_data/arrays/mnist_9_pure_logits_greedy_5_baseline_2025-11-30.npz,0.9866551233980249,1.1522142857142856,0.9998230906516297,0.9897088600669969,0.010291139933003124,0.0038640685294355336,0.0038640685294355336,0.018132654679882634,0.9992857142857143,1.2033928571428572,0.9885
MNIST,9,pure_logits,greedy_5_temp_pool_then_calibrate,5,4,0.0387643575668334,0.9061224489795918,,,0.101330280303955,0.0276122093200683,cnn_experiments_data/arrays/mnist_9_pure_logits_greedy_5_temp_pool_then_calibrate_2025-11-30.npz,0.9915700228248736,1.151,0.9998234979348201,0.9897050418955378,0.010294958104462237,0.001968995185835012,0.001968995185835012,0.01795902405419163,0.9992857142857143,1.1958035714285715,0.9885
MNIST,9,pure_logits,greedy_5_temp_calibrate_then_pool,5,4,0.0389932952821254,0.9729945855893378,1.0,1.0,0.101330280303955,13.315594911575316,cnn_experiments_data/arrays/mnist_9_pure_logits_greedy_5_temp_calibrate_then_pool_2025-11-30.npz,0.9885496566989003,1.1552857142857142,0.9998230088235005,0.9897065570894463,0.010293442910553674,0.0034852967006820047,0.0034852967006820047,0.018117446098402747,0.9992857142857143,1.2013392857142857,0.9885
MNIST,9,pure_logits,greedy_5_post_calib,5,4,0.0368947759270668,1.119533527696793,0.534777176176593,1.0,0.101330280303955,12.027264595031738,cnn_experiments_data/arrays/mnist_9_pure_logits_greedy_5_post_calib_2025-11-30.npz,0.9855933637950631,1.1352857142857142,0.9998301430320282,0.9897235428456783,0.010276457154321683,0.0023183331319264347,0.0023183331319264347,0.017533463555172435,0.9991964285714285,1.1840178571428572,0.9885714285714285
FMNIST,0,pure_logits,greedy_5_baseline,5,3,0.2431933283805847,,,,0.5238363742828369,0.0,cnn_experiments_data/arrays/fmnist_0_pure_logits_greedy_5_baseline_2025-11-30.npz,0.9963683992351303,2.4344285714285716,0.9945725064530935,0.9776665266300434,0.022333473369956613,0.009732651191098379,0.009732651191098379,0.12697786484832266,0.9991071428571429,2.494732142857143,0.9122142857142858
FMNIST,0,pure_logits,greedy_5_temp_pool_then_calibrate,5,3,0.2427458018064499,0.9612244897959183,,,0.5238363742828369,0.026726484298706,cnn_experiments_data/arrays/fmnist_0_pure_logits_greedy_5_temp_pool_then_calibrate_2025-11-30.npz,0.9971136166070437,2.427857142857143,0.9945751836377854,0.977665686762931,0.022334313237069026,0.006473791314022854,0.006473791314022854,0.1268308498978823,0.9991071428571429,2.502232142857143,0.9122142857142858
FMNIST,0,pure_logits,greedy_5_temp_calibrate_then_pool,5,3,0.2428547739982605,0.9651478550603916,1.0,1.0,0.5238363742828369,5.36701250076294,cnn_experiments_data/arrays/fmnist_0_pure_logits_greedy_5_temp_calibrate_then_pool_2025-11-30.npz,0.9971136166070437,2.444,0.9945732436067788,0.9776549524645801,0.022345047535419882,0.007707564709442006,0.007707564709442006,0.1268698043467928,0.9991071428571429,2.5048214285714288,0.9121428571428571
FMNIST,0,pure_logits,greedy_5_post_calib,5,3,0.2419111281633377,1.0121782590587256,0.0,1.0,0.5238363742828369,10.389752626419067,cnn_experiments_data/arrays/fmnist_0_pure_logits_greedy_5_post_calib_2025-11-30.npz,0.9968839670286543,2.4017857142857144,0.9945921840577601,0.977651006287493,0.02234899371250698,0.006467505831803621,0.006467505831803621,0.1264804569044933,0.9988392857142857,2.384910714285714,0.9120714285714285
FMNIST,1,pure_logits,greedy_5_baseline,5,4,0.2419875264167785,,,,0.0158991813659667,0.0,cnn_experiments_data/arrays/fmnist_1_pure_logits_greedy_5_baseline_2025-11-30.npz,0.9971136166070437,2.5402142857142858,0.9945820032511081,0.9775575552945043,0.022442444705495723,0.013579854803425918,0.013579854803425918,0.12740130460170693,0.9997321428571428,3.139910714285714,0.9124285714285715
FMNIST,1,pure_logits,greedy_5_temp_pool_then_calibrate,5,4,0.2408354431390762,0.9061224489795918,,,0.0158991813659667,0.0246107578277587,cnn_experiments_data/arrays/fmnist_1_pure_logits_greedy_5_temp_pool_then_calibrate_2025-11-30.npz,0.9986576253426299,2.5861428571428573,0.9945851518896858,0.9775444086567213,0.02245559134327868,0.004632241877062014,0.004632241877062014,0.1269337329238058,0.9996428571428572,3.1039285714285714,0.9124285714285715
FMNIST,1,pure_logits,greedy_5_temp_calibrate_then_pool,5,4,0.2412272840738296,0.9320116618075802,1.0,1.0,0.0158991813659667,5.221172332763672,cnn_experiments_data/arrays/fmnist_1_pure_logits_greedy_5_temp_calibrate_then_pool_2025-11-30.npz,0.9983110459808135,2.584357142857143,0.9945776216770247,0.9775590942141827,0.022440905785817256,0.007986793549997496,0.007986793549997496,0.1271423323275056,0.9996428571428572,3.1223214285714285,0.9127142857142857
FMNIST,1,pure_logits,greedy_5_post_calib,5,4,0.2388682663440704,1.020474802165764,0.0,1.0,0.0158991813659667,10.954270839691162,cnn_experiments_data/arrays/fmnist_1_pure_logits_greedy_5_post_calib_2025-11-30.npz,0.9984355207800187,2.6680714285714284,0.9946461457466732,0.9776217985734543,0.022378201426545674,0.00393297637360437,0.00393297637360437,0.12627520853641916,0.9995535714285714,3.059107142857143,0.9129285714285714
FMNIST,2,pure_logits,greedy_5_baseline,5,4,0.2383154481649398,,,,0.0168349742889404,0.0,cnn_experiments_data/arrays/fmnist_2_pure_logits_greedy_5_baseline_2025-11-30.npz,0.9968839670286543,2.559285714285714,0.9946982055655044,0.9779346636294927,0.022065336370507338,0.014814017229846517,0.014814017229846517,0.1248621390443749,0.9995535714285714,2.783303571428571,0.9145
FMNIST,2,pure_logits,greedy_5_temp_pool_then_calibrate,5,4,0.2365209460258484,0.9061224489795918,,,0.0168349742889404,0.0264384746551513,cnn_experiments_data/arrays/fmnist_2_pure_logits_greedy_5_temp_pool_then_calibrate_2025-11-30.npz,0.9983110459808135,2.543857142857143,0.994703793088562,0.9779409078076609,0.022059092192339147,0.005971633322536922,0.005971633322536922,0.12420314076974127,0.9996428571428572,2.807857142857143,0.9145
FMNIST,2,pure_logits,greedy_5_temp_calibrate_then_pool,5,4,0.2369478791952133,0.8950270720533111,1.0,1.0,0.0168349742889404,6.008971452713013,cnn_experiments_data/arrays/fmnist_2_pure_logits_greedy_5_temp_calibrate_then_pool_2025-11-30.npz,0.9983110459808135,2.529642857142857,0.9946890172233458,0.9779163913070015,0.022083608692998524,0.0065158262614692705,0.0065158262614692705,0.12437604852080635,0.9996428571428572,2.814375,0.9143571428571429
FMNIST,2,pure_logits,greedy_5_post_calib,5,4,0.2353442758321762,0.9651478550603916,0.3731778425655977,1.0,0.0168349742889404,10.143801212310793,cnn_experiments_data/arrays/fmnist_2_pure_logits_greedy_5_post_calib_2025-11-30.npz,0.9981766675820978,2.5164285714285715,0.9947586017558855,0.9779874642905982,0.02201253570940176,0.005022971915347269,0.005022971915347269,0.12372415607835374,0.9994642857142857,2.7925892857142856,0.915
FMNIST,3,pure_logits,greedy_5_baseline,5,3,0.2306180298328399,,,,0.0170865058898925,0.0,cnn_experiments_data/arrays/fmnist_3_pure_logits_greedy_5_baseline_2025-11-30.npz,0.9963683992351303,2.559285714285714,0.9950024713278223,0.9790178764896373,0.02098212351036266,0.0220549320919173,0.0220549320919173,0.12003614519773355,0.9999107142857143,3.495892857142857,0.9194285714285715
FMNIST,3,pure_logits,greedy_5_temp_pool_then_calibrate,5,3,0.2272385656833648,0.9061224489795918,,,0.0170865058898925,0.0259783267974853,cnn_experiments_data/arrays/fmnist_3_pure_logits_greedy_5_temp_pool_then_calibrate_2025-11-30.npz,0.9980315976229037,2.5508571428571427,0.9950174035213388,0.9790237596164184,0.02097624038358159,0.01151893548241684,0.01151893548241684,0.11887305713091918,0.9999107142857143,3.5108035714285712,0.9194285714285715
FMNIST,3,pure_logits,greedy_5_temp_calibrate_then_pool,5,3,0.2274691611528396,0.8802332361516034,1.0,1.0,0.0170865058898925,9.512478590011597,cnn_experiments_data/arrays/fmnist_3_pure_logits_greedy_5_temp_calibrate_then_pool_2025-11-30.npz,0.9983110459808135,2.5483571428571428,0.9950058558538064,0.9789935235962727,0.021006476403727325,0.011149758032390055,0.011149758032390055,0.11900726402872787,0.9999107142857143,3.5139285714285715,0.9193571428571429
FMNIST,3,pure_logits,greedy_5_post_calib,5,3,0.2256902605295181,0.949454394002499,0.2448979591836734,1.0,0.0170865058898925,11.563169240951538,cnn_experiments_data/arrays/fmnist_3_pure_logits_greedy_5_post_calib_2025-11-30.npz,0.9977059127281483,2.484857142857143,0.9950435527179208,0.9790820927741615,0.020917907225838528,0.008278165949242423,0.008278165949242423,0.11808088666858231,0.9998214285714285,3.528482142857143,0.9202857142857143
FMNIST,4,pure_logits,greedy_5_baseline,5,3,0.2408415377140045,,,,0.0145440101623535,0.0,cnn_experiments_data/arrays/fmnist_4_pure_logits_greedy_5_baseline_2025-11-30.npz,0.9960794578607566,2.6068571428571428,0.9945906404433833,0.9778682521972021,0.02213174780279792,0.01834559996851853,0.01834559996851853,0.126350362033629,0.9992857142857143,2.7216964285714287,0.91
FMNIST,4,pure_logits,greedy_5_temp_pool_then_calibrate,5,3,0.2379139959812164,0.8510204081632653,,,0.0145440101623535,0.0233006477355957,cnn_experiments_data/arrays/fmnist_4_pure_logits_greedy_5_temp_pool_then_calibrate_2025-11-30.npz,0.9984355207800187,2.5495,0.9945986427224938,0.9778666595250063,0.022133340474993712,0.00614485111087565,0.00614485111087565,0.12560393622781288,0.9991071428571429,2.6271428571428572,0.91
FMNIST,4,pure_logits,greedy_5_temp_calibrate_then_pool,5,3,0.2385346889495849,0.8336526447313619,1.0,1.0,0.0145440101623535,5.5378618240356445,cnn_experiments_data/arrays/fmnist_4_pure_logits_greedy_5_temp_calibrate_then_pool_2025-11-30.npz,0.9981766675820978,2.456714285714286,0.9945854745620762,0.9778205385581034,0.022179461441896642,0.006453955801469967,0.006453955801469967,0.1258150426489409,0.9991071428571429,2.629375,0.9099285714285714
FMNIST,4,pure_logits,greedy_5_post_calib,5,3,0.2363937348127365,0.902423990004165,0.0,1.0,0.0145440101623535,14.748522996902466,cnn_experiments_data/arrays/fmnist_4_pure_logits_greedy_5_post_calib_2025-11-30.npz,0.9980315976229037,2.475357142857143,0.9946160843178976,0.9779559311613226,0.022044068838677378,0.007304328953581166,0.007304328953581166,0.12512541747658665,0.9992857142857143,2.6699107142857144,0.9104285714285715
FMNIST,5,pure_logits,greedy_5_baseline,5,4,0.2329870611429214,,,,0.0273010730743408,0.0,cnn_experiments_data/arrays/fmnist_5_pure_logits_greedy_5_baseline_2025-11-30.npz,0.995067237475685,2.4092142857142855,0.9949355057304781,0.978222176658785,0.02177782334121503,0.020184127007211995,0.020184127007211995,0.12276312095642347,0.9995535714285714,2.942857142857143,0.9147142857142857
FMNIST,5,pure_logits,greedy_5_temp_pool_then_calibrate,5,4,0.2286020368337631,0.8510204081632653,,,0.0273010730743408,0.0274925231933593,cnn_experiments_data/arrays/fmnist_5_pure_logits_greedy_5_temp_pool_then_calibrate_2025-11-30.npz,0.9978749854496547,2.3489285714285715,0.9949492435995261,0.978220699222182,0.021779300777817978,0.005372270430837343,0.005372270430837343,0.12139291147293409,0.9995535714285714,3.020267857142857,0.9147142857142857
FMNIST,5,pure_logits,greedy_5_temp_calibrate_then_pool,5,4,0.2295720875263214,0.87533527696793,1.0,1.0,0.0273010730743408,5.446417331695557,cnn_experiments_data/arrays/fmnist_5_pure_logits_greedy_5_temp_calibrate_then_pool_2025-11-30.npz,0.9973263411627071,2.3549285714285713,0.9949334333687766,0.9781946471324012,0.02180535286759877,0.009033761948347077,0.009033761948347077,0.12180948209360665,0.9995535714285714,2.974375,0.9149285714285714
FMNIST,5,pure_logits,greedy_5_post_calib,5,4,0.2278998792171478,0.9573011245314452,0.3765097875885048,1.0,0.0273010730743408,12.04090929031372,cnn_experiments_data/arrays/fmnist_5_pure_logits_greedy_5_post_calib_2025-11-30.npz,0.9978749854496547,2.4765714285714284,0.9949800308684941,0.9783637208273286,0.021636279172671413,0.005651297522442703,0.005651297522442703,0.12099395602842969,0.9997321428571428,3.428035714285714,0.9151428571428571
FMNIST,6,pure_logits,greedy_5_baseline,5,5,0.239434078335762,,,,0.0171973705291748,0.0,cnn_experiments_data/arrays/fmnist_6_pure_logits_greedy_5_baseline_2025-11-30.npz,0.9946747716526181,2.4295714285714287,0.9946842347897433,0.9783036731931342,0.02169632680686584,0.023404779835471064,0.023404779835471064,0.12495990748666325,0.9996428571428572,3.235,0.9150714285714285
FMNIST,6,pure_logits,greedy_5_temp_pool_then_calibrate,5,5,0.2346341013908386,0.8510204081632653,,,0.0171973705291748,0.0283339023590087,cnn_experiments_data/arrays/fmnist_6_pure_logits_greedy_5_temp_pool_then_calibrate_2025-11-30.npz,0.9978749854496547,2.4005,0.9947017053562697,0.9783056422205422,0.02169435777945783,0.00834383061528204,0.00834383061528204,0.1232797481309391,0.9996428571428572,3.142857142857143,0.9150714285714285
FMNIST,6,pure_logits,greedy_5_temp_calibrate_then_pool,5,5,0.2358559519052505,0.8614410662224073,1.0,1.0,0.0171973705291748,5.106978178024292,cnn_experiments_data/arrays/fmnist_6_pure_logits_greedy_5_temp_calibrate_then_pool_2025-11-30.npz,0.9975233880586762,2.4026428571428573,0.9946788318037042,0.9782612172728327,0.02173878272716734,0.012452645195381995,0.012452645195381995,0.12376810505910563,0.9996428571428572,3.1690178571428573,0.9151428571428571
FMNIST,6,pure_logits,greedy_5_post_calib,5,5,0.2328535169363021,0.9729945855893378,0.1749271137026239,1.0,0.0171973705291748,12.064634561538696,cnn_experiments_data/arrays/fmnist_6_pure_logits_greedy_5_post_calib_2025-11-30.npz,0.9971136166070437,2.4005,0.9947419065730013,0.9783243065664281,0.021675693433571896,0.00646563778179034,0.00646563778179034,0.12282322818891846,0.9998214285714285,3.3832142857142857,0.9152857142857143
FMNIST,7,pure_logits,greedy_5_baseline,5,4,0.231028601527214,,,,0.017906904220581,0.0,cnn_experiments_data/arrays/fmnist_7_pure_logits_greedy_5_baseline_2025-11-30.npz,0.9968839670286543,2.552857142857143,0.994882240862745,0.978648003468989,0.021351996531011053,0.015633425346442596,0.015633425346442596,0.12036901396206862,0.9986607142857142,2.3877678571428573,0.9162142857142858
FMNIST,7,pure_logits,greedy_5_temp_pool_then_calibrate,5,4,0.2291351556777954,0.9061224489795918,,,0.017906904220581,0.0292503833770751,cnn_experiments_data/arrays/fmnist_7_pure_logits_greedy_5_temp_pool_then_calibrate_2025-11-30.npz,0.9983110459808135,2.5359285714285713,0.9948827905783547,0.9786462703948059,0.021353729605194105,0.006935393122690081,0.006935393122690081,0.11969267545563496,0.9986607142857142,2.4151785714285716,0.9162142857142858
FMNIST,7,pure_logits,greedy_5_temp_calibrate_then_pool,5,4,0.229452982544899,0.8950270720533111,1.0,1.0,0.017906904220581,7.729004383087158,cnn_experiments_data/arrays/fmnist_7_pure_logits_greedy_5_temp_calibrate_then_pool_2025-11-30.npz,0.9985508218684769,2.5901428571428573,0.994870924402489,0.9786304629177178,0.021369537082282175,0.0076976351823125145,0.0076976351823125145,0.11978370316369218,0.9989285714285714,2.6557142857142857,0.9162857142857143
FMNIST,7,pure_logits,greedy_5_post_calib,5,4,0.22830531001091,0.9729945855893378,0.2182423990004165,1.0,0.017906904220581,10.51147174835205,cnn_experiments_data/arrays/fmnist_7_pure_logits_greedy_5_post_calib_2025-11-30.npz,0.9980315976229037,2.4811428571428573,0.9949304343378126,0.9787192487570293,0.021280751242970686,0.005669922315648602,0.005669922315648602,0.11956400769025469,0.9988392857142857,2.469642857142857,0.9162142857142858
FMNIST,8,pure_logits,greedy_5_baseline,5,5,0.2407306134700775,,,,0.0182745456695556,0.0,cnn_experiments_data/arrays/fmnist_8_pure_logits_greedy_5_baseline_2025-11-30.npz,0.9946747716526181,2.4218571428571427,0.9944659995008289,0.9775951752711661,0.022404824728833872,0.018353492953947628,0.018353492953947628,0.12644247184740837,0.9995535714285714,2.796160714285714,0.9138571428571428
FMNIST,8,pure_logits,greedy_5_temp_pool_then_calibrate,5,5,0.2375959753990173,0.8510204081632653,,,0.0182745456695556,0.0269293785095214,cnn_experiments_data/arrays/fmnist_8_pure_logits_greedy_5_temp_pool_then_calibrate_2025-11-30.npz,0.9980315976229037,2.4215,0.9944751316294568,0.9776261940048409,0.022373805995159146,0.004152348431093381,0.004152348431093381,0.1253402697992109,0.9995535714285714,2.742410714285714,0.9138571428571428
FMNIST,8,pure_logits,greedy_5_temp_calibrate_then_pool,5,5,0.2379803359508514,0.8614410662224073,1.0,1.0,0.0182745456695556,5.349544763565064,cnn_experiments_data/arrays/fmnist_8_pure_logits_greedy_5_temp_calibrate_then_pool_2025-11-30.npz,0.9977059127281483,2.421,0.994464958817962,0.9775910545697128,0.022408945430287153,0.005937228700944348,0.005937228700944348,0.12557169772759288,0.9995535714285714,2.7514285714285713,0.9139285714285714
FMNIST,8,pure_logits,greedy_5_post_calib,5,5,0.2371939867734909,0.949454394002499,0.2448979591836734,1.0,0.0182745456695556,10.2090265750885,cnn_experiments_data/arrays/fmnist_8_pure_logits_greedy_5_post_calib_2025-11-30.npz,0.9980315976229037,2.540785714285714,0.9944705589771077,0.9776316299960583,0.02236837000394165,0.0037562137969902607,0.0037562137969902607,0.12505441250808852,0.9991964285714285,2.708392857142857,0.9135714285714286
FMNIST,9,pure_logits,greedy_5_baseline,5,4,0.2347074300050735,,,,0.0164263248443603,0.0,cnn_experiments_data/arrays/fmnist_9_pure_logits_greedy_5_baseline_2025-11-30.npz,0.9960794578607566,2.5005714285714284,0.9948802986055709,0.9786140870112098,0.021385912988790223,0.0198445578813553,0.0198445578813553,0.12264740279563056,0.9994642857142857,2.747232142857143,0.9165714285714286
FMNIST,9,pure_logits,greedy_5_temp_pool_then_calibrate,5,4,0.2313964813947677,0.8510204081632653,,,0.0164263248443603,0.0253751277923584,cnn_experiments_data/arrays/fmnist_9_pure_logits_greedy_5_temp_pool_then_calibrate_2025-11-30.npz,0.9983110459808135,2.4162142857142856,0.994893654369509,0.9786058722407457,0.02139412775925431,0.003909040140254137,0.003909040140254137,0.12144182899194902,0.9994642857142857,2.7252678571428572,0.9165714285714286
FMNIST,9,pure_logits,greedy_5_temp_calibrate_then_pool,5,4,0.2318324446678161,0.8614410662224073,1.0,1.0,0.0164263248443603,5.784407615661621,cnn_experiments_data/arrays/fmnist_9_pure_logits_greedy_5_temp_calibrate_then_pool_2025-11-30.npz,0.9980315976229037,2.4132857142857143,0.9948850189545091,0.978608761806684,0.02139123819331601,0.006782629464353819,0.006782629464353819,0.12164894903774302,0.9994642857142857,2.7259821428571427,0.9163571428571429
FMNIST,9,pure_logits,greedy_5_post_calib,5,4,0.2306791394948959,0.9246147438567264,0.4897959183673469,1.0,0.0164263248443603,10.93205451965332,cnn_experiments_data/arrays/fmnist_9_pure_logits_greedy_5_post_calib_2025-11-30.npz,0.9980315976229037,2.4385,0.9949010350706716,0.978562275385836,0.021437724614164044,0.005696088601435899,0.005696088601435899,0.12130937594374275,0.9994642857142857,2.711607142857143,0.9165
CIFAR,0,pure_logits,greedy_5_baseline,5,4,0.4801318347454071,,,,0.0164370536804199,0.0,cnn_experiments_data/arrays/cifar_0_pure_logits_greedy_5_baseline_2025-11-30.npz,0.9988481983667569,4.926,0.9852972274801365,0.9535039728731262,0.04649602712687384,0.034511341256399944,0.034511341256399944,0.2322335595645596,0.9997916666666666,5.6301041666666665,0.83825
CIFAR,0,pure_logits,greedy_5_temp_pool_then_calibrate,5,4,0.4780862331390381,0.8510204081632653,,,0.0164370536804199,0.0247807502746582,cnn_experiments_data/arrays/cifar_0_pure_logits_greedy_5_temp_pool_then_calibrate_2025-11-30.npz,0.99963469359981,4.863583333333334,0.9853636618378363,0.953449312435468,0.046550687564531956,0.017008999762435743,0.017008999762435743,0.2294146793689071,0.9995833333333334,5.486354166666667,0.83825
CIFAR,0,pure_logits,greedy_5_temp_calibrate_then_pool,5,4,0.4802664518356323,0.9337609329446064,1.0,1.0,0.0164370536804199,4.653306007385254,cnn_experiments_data/arrays/cifar_0_pure_logits_greedy_5_temp_calibrate_then_pool_2025-11-30.npz,0.9992145156189742,4.871583333333334,0.9852345541030259,0.9533190018606742,0.0466809981393258,0.027179582777122627,0.027179582777122627,0.23182898505429994,0.9997916666666666,5.576770833333334,0.8380833333333333
CIFAR,0,pure_logits,greedy_5_post_calib,5,4,0.459880381822586,1.094344023323615,0.2448979591836734,1.0,0.0164370536804199,10.128378629684448,cnn_experiments_data/arrays/cifar_0_pure_logits_greedy_5_post_calib_2025-11-30.npz,0.9987565574710574,4.617666666666667,0.9861159615848688,0.9548465355732465,0.0451534644267535,0.00890361427639922,0.00890361427639922,0.22415233119596448,1.0,5.7546875,0.8415833333333333
CIFAR,1,pure_logits,greedy_5_baseline,5,5,0.4473716914653778,,,,0.0155308246612548,0.0,cnn_experiments_data/arrays/cifar_1_pure_logits_greedy_5_baseline_2025-11-30.npz,0.9966360458204521,4.301166666666667,0.9870471099851631,0.9583370584684536,0.04166294153154637,0.049564166518549134,0.049564166518549134,0.21717205292649275,1.0,5.260833333333333,0.8526666666666667
CIFAR,1,pure_logits,greedy_5_temp_pool_then_calibrate,5,5,0.4368791580200195,0.7959183673469388,,,0.0155308246612548,0.021451711654663,cnn_experiments_data/arrays/cifar_1_pure_logits_greedy_5_temp_pool_then_calibrate_2025-11-30.npz,0.9990845521516756,4.145666666666667,0.987164358575605,0.9583809843230421,0.041619015676957916,0.013630105475584683,0.013630105475584683,0.21151708611144113,1.0,5.055,0.8526666666666667
CIFAR,1,pure_logits,greedy_5_temp_calibrate_then_pool,5,5,0.4452615082263946,0.8876301541024573,1.0,1.0,0.0155308246612548,4.707743883132935,cnn_experiments_data/arrays/cifar_1_pure_logits_greedy_5_temp_calibrate_then_pool_2025-11-30.npz,0.9981766675820978,4.271,0.9869210364347968,0.9581523004396564,0.04184769956034362,0.03780606098100543,0.03780606098100543,0.21606708674600528,1.0,5.200729166666667,0.8528333333333333
CIFAR,1,pure_logits,greedy_5_post_calib,5,5,0.4185636937618255,1.075801749271137,0.1699291961682632,1.0,0.0155308246612548,11.65662670135498,cnn_experiments_data/arrays/cifar_1_pure_logits_greedy_5_post_calib_2025-11-30.npz,0.9975233880586762,3.9770833333333333,0.9880998201481533,0.9595191435575263,0.04048085644247368,0.007252095479518162,0.007252095479518162,0.20792543599194097,0.9997916666666666,4.5955208333333335,0.855
CIFAR,2,pure_logits,greedy_5_baseline,5,4,0.4622476696968078,,,,0.0180821418762207,0.0,cnn_experiments_data/arrays/cifar_2_pure_logits_greedy_5_baseline_2025-11-30.npz,0.9963683992351303,4.275083333333333,0.9864596129510096,0.9572823894975688,0.04271761050243117,0.050974411999185884,0.050974411999185884,0.22267145521800952,0.9990625,4.322291666666667,0.8496666666666667
CIFAR,2,pure_logits,greedy_5_temp_pool_then_calibrate,5,4,0.4533721208572387,0.7959183673469388,,,0.0180821418762207,0.0284125804901123,cnn_experiments_data/arrays/cifar_2_pure_logits_greedy_5_temp_pool_then_calibrate_2025-11-30.npz,0.9991520200553654,4.232166666666667,0.9865916937586116,0.9572920551161507,0.042707944883849325,0.012806466810405231,0.012806466810405231,0.21714137216696328,0.9990625,4.236979166666667,0.8496666666666667
CIFAR,2,pure_logits,greedy_5_temp_calibrate_then_pool,5,4,0.4597862064838409,0.8683881715951687,1.0,1.0,0.0180821418762207,4.521759271621704,cnn_experiments_data/arrays/cifar_2_pure_logits_greedy_5_temp_calibrate_then_pool_2025-11-30.npz,0.9983110459808135,4.24875,0.986358319323403,0.956938002210413,0.04306199778958697,0.03395884784683585,0.03395884784683585,0.2212466850559548,0.9991666666666666,4.313854166666666,0.84925
CIFAR,2,pure_logits,greedy_5_post_calib,5,4,0.4353217780590057,1.0121782590587256,0.2432319866722199,1.0,0.0180821418762207,9.621597528457642,cnn_experiments_data/arrays/cifar_2_pure_logits_greedy_5_post_calib_2025-11-30.npz,0.9980315976229037,4.166416666666667,0.987364143118975,0.9585962423206809,0.04140375767931914,0.006054624689122057,0.006054624689122057,0.21216021133246318,0.9986458333333333,4.081145833333333,0.852
CIFAR,3,pure_logits,greedy_5_baseline,5,5,0.4744132161140442,,,,0.0142552852630615,0.0,cnn_experiments_data/arrays/cifar_3_pure_logits_greedy_5_baseline_2025-11-30.npz,0.9966360458204521,4.36425,0.9862740602197976,0.9555946911961125,0.04440530880388749,0.055728161128858755,0.055728161128858755,0.2296548559117646,0.9969791666666666,3.6460416666666666,0.84525
CIFAR,3,pure_logits,greedy_5_temp_pool_then_calibrate,5,5,0.4625801742076874,0.7959183673469388,,,0.0142552852630615,0.0219175815582275,cnn_experiments_data/arrays/cifar_3_pure_logits_greedy_5_temp_pool_then_calibrate_2025-11-30.npz,0.9993260285509822,4.4115,0.9863985538528596,0.955676970264258,0.04432302973574198,0.016397364461173593,0.016397364461173593,0.2231185418349199,0.9969791666666666,3.6647916666666664,0.84525
CIFAR,3,pure_logits,greedy_5_temp_calibrate_then_pool,5,5,0.472245842218399,0.854493960849646,1.0,1.0,0.0142552852630615,4.098713874816895,cnn_experiments_data/arrays/cifar_3_pure_logits_greedy_5_temp_calibrate_then_pool_2025-11-30.npz,0.9987565574710574,4.440166666666666,0.9860864031434152,0.9551807027990068,0.0448192972009932,0.0399212775826454,0.0399212775826454,0.2282079696583333,0.9970833333333333,3.7113541666666667,0.8451666666666666
CIFAR,3,pure_logits,greedy_5_post_calib,5,5,0.4424954950809479,1.0583090379008746,0.0,1.0,0.0142552852630615,9.075127363204956,cnn_experiments_data/arrays/cifar_3_pure_logits_greedy_5_post_calib_2025-11-30.npz,0.9983110459808135,4.3005,0.9874429771600974,0.9571443950473945,0.04285560495260554,0.008191887435813717,0.008191887435813717,0.21868235496091992,0.9966666666666667,3.3420833333333335,0.8445833333333334
CIFAR,4,pure_logits,greedy_5_baseline,5,5,0.4572122395038605,,,,1.7329528331756592,0.0,cnn_experiments_data/arrays/cifar_4_pure_logits_greedy_5_baseline_2025-11-30.npz,0.9973263411627071,4.561416666666666,0.9870761994131401,0.9580316962388613,0.04196830376113869,0.05613051503896715,0.05613051503896715,0.21847392608438138,1.0,6.301354166666667,0.8544166666666667
CIFAR,4,pure_logits,greedy_5_temp_pool_then_calibrate,5,5,0.4452548921108246,0.7959183673469388,,,1.7329528331756592,1.9333195686340328,cnn_experiments_data/arrays/cifar_4_pure_logits_greedy_5_temp_pool_then_calibrate_2025-11-30.npz,0.9994217103165082,4.514833333333334,0.9872081957426362,0.9580695897345681,0.04193041026543187,0.016425743289291875,0.016425743289291875,0.21156325792479605,1.0,6.347291666666667,0.8544166666666667
CIFAR,4,pure_logits,greedy_5_temp_calibrate_then_pool,5,5,0.4545066058635711,0.8614410662224073,1.0,1.0,1.7329528331756592,5.507111310958862,cnn_experiments_data/arrays/cifar_4_pure_logits_greedy_5_temp_calibrate_then_pool_2025-11-30.npz,0.9989330853887797,4.587666666666666,0.9869493453941658,0.9577369329272768,0.042263067072723204,0.04026416577895484,0.04026416577895484,0.2167270034823604,0.9998958333333333,6.090729166666667,0.85375
CIFAR,4,pure_logits,greedy_5_post_calib,5,5,0.4249272346496582,1.0583090379008746,0.0,1.0,1.7329528331756592,11.767098903656006,cnn_experiments_data/arrays/cifar_4_pure_logits_greedy_5_post_calib_2025-11-30.npz,0.9990845521516756,4.7636666666666665,0.9879796731896455,0.9594019403628131,0.04059805963718688,0.006406593460589616,0.006406593460589616,0.20660392610787684,1.0,6.0215625,0.8549166666666667
CIFAR,5,pure_logits,greedy_5_baseline,5,5,0.4630910158157348,,,,0.0137915611267089,0.0,cnn_experiments_data/arrays/cifar_5_pure_logits_greedy_5_baseline_2025-11-30.npz,0.9968839670286543,4.28625,0.9868392491278097,0.957714820574782,0.042285179425218034,0.05509652959555389,0.05509652959555389,0.22296208320529104,0.9983333333333333,4.136875,0.849
CIFAR,5,pure_logits,greedy_5_temp_pool_then_calibrate,5,5,0.4528700709342956,0.8510204081632653,,,0.0137915611267089,0.0218913555145263,cnn_experiments_data/arrays/cifar_5_pure_logits_greedy_5_temp_pool_then_calibrate_2025-11-30.npz,0.9988481983667569,4.246,0.9869660867546525,0.9576561644085257,0.042343835591474255,0.028121651946256543,0.028121651946256543,0.21755803840548082,0.9985416666666667,4.1734375,0.849
CIFAR,5,pure_logits,greedy_5_temp_calibrate_then_pool,5,5,0.4617373049259186,0.9337609329446064,1.0,1.0,0.0137915611267089,4.455533504486084,cnn_experiments_data/arrays/cifar_5_pure_logits_greedy_5_temp_calibrate_then_pool_2025-11-30.npz,0.9978749854496547,4.29125,0.9867833390209431,0.9575369130173055,0.04246308698269452,0.048315456104775265,0.048315456104775265,0.22220754875977516,0.9983333333333333,4.159791666666667,0.84875
CIFAR,5,pure_logits,greedy_5_post_calib,5,5,0.4245449900627136,1.1311286963765097,0.0,1.0,0.0137915611267089,9.555095672607422,cnn_experiments_data/arrays/cifar_5_pure_logits_greedy_5_post_calib_2025-11-30.npz,0.9977059127281483,4.232916666666667,0.9879944103091374,0.9591148852397164,0.04088511476028356,0.009291242605696118,0.009291242605696118,0.20905231156202536,0.9991666666666666,4.507083333333333,0.8536666666666667
CIFAR,6,pure_logits,greedy_5_baseline,5,5,0.4605192840099334,,,,0.0141208171844482,0.0,cnn_experiments_data/arrays/cifar_6_pure_logits_greedy_5_baseline_2025-11-30.npz,0.9977059127281483,4.557,0.9862241357890571,0.9573131146335456,0.042686885366454375,0.045004360554118966,0.045004360554118966,0.22128150389867013,0.9989583333333333,4.5215625,0.8491666666666666
CIFAR,6,pure_logits,greedy_5_temp_pool_then_calibrate,5,5,0.4535734951496124,0.7959183673469388,,,0.0141208171844482,0.0227737426757812,cnn_experiments_data/arrays/cifar_6_pure_logits_greedy_5_temp_pool_then_calibrate_2025-11-30.npz,0.9995403774129317,4.532333333333334,0.9863581794462043,0.9573162977233476,0.04268370227665241,0.010093260248502073,0.010093260248502073,0.2162134682657884,0.9991666666666666,4.5921875,0.8491666666666666
CIFAR,6,pure_logits,greedy_5_temp_calibrate_then_pool,5,5,0.4595918655395508,0.8876301541024573,1.0,1.0,0.0141208171844482,4.156012058258057,cnn_experiments_data/arrays/cifar_6_pure_logits_greedy_5_temp_calibrate_then_pool_2025-11-30.npz,0.9988481983667569,4.539416666666667,0.9861151561415342,0.9570630391800911,0.04293696081990894,0.03281803783774375,0.03281803783774375,0.22032033237264084,0.9990625,4.53375,0.849
CIFAR,6,pure_logits,greedy_5_post_calib,5,5,0.4305661618709564,1.075801749271137,0.0,1.0,0.0141208171844482,11.192179918289185,cnn_experiments_data/arrays/cifar_6_pure_logits_greedy_5_post_calib_2025-11-30.npz,0.9983110459808135,4.312333333333333,0.9873071166610353,0.958806788703609,0.041193211296390975,0.0054519095594684494,0.0054519095594684494,0.21102863525935073,0.9996875,4.768854166666666,0.8525833333333334
CIFAR,7,pure_logits,greedy_5_baseline,5,4,0.4663928151130676,,,,0.7318694591522217,0.0,cnn_experiments_data/arrays/cifar_7_pure_logits_greedy_5_baseline_2025-11-30.npz,0.9981766675820978,4.624,0.9859090460341235,0.9552868134853674,0.04471318651463263,0.04208477958540124,0.04208477958540124,0.22519354974255626,0.99875,4.5578125,0.8475
CIFAR,7,pure_logits,greedy_5_temp_pool_then_calibrate,5,4,0.4609658718109131,0.8510204081632653,,,0.7318694591522217,0.0220355987548828,cnn_experiments_data/arrays/cifar_7_pure_logits_greedy_5_temp_pool_then_calibrate_2025-11-30.npz,0.9994217103165082,4.614833333333333,0.9859899057500371,0.955289111962704,0.04471088803729595,0.015428950726985934,0.015428950726985934,0.22139251757934422,0.99875,4.548541666666667,0.8475
CIFAR,7,pure_logits,greedy_5_temp_calibrate_then_pool,5,4,0.465480238199234,0.9246147438567264,1.0,1.0,0.7318694591522217,4.6917643547058105,cnn_experiments_data/arrays/cifar_7_pure_logits_greedy_5_temp_calibrate_then_pool_2025-11-30.npz,0.9989330853887797,4.656083333333333,0.9858539450871863,0.9551051486791576,0.044894851320842366,0.03302801260848839,0.03302801260848839,0.22443747248922635,0.99875,4.580416666666666,0.8473333333333334
CIFAR,7,pure_logits,greedy_5_post_calib,5,4,0.4429761171340942,1.075801749271137,0.2448979591836734,1.0,0.7318694591522217,10.55334186553955,cnn_experiments_data/arrays/cifar_7_pure_logits_greedy_5_post_calib_2025-11-30.npz,0.9986576253426299,4.586916666666666,0.98672749782588,0.9568964680782269,0.043103531921773075,0.007271691625316937,0.007271691625316937,0.21588269844940652,0.9998958333333333,5.509270833333333,0.8491666666666666
CIFAR,8,pure_logits,greedy_5_baseline,5,4,0.4734287559986114,,,,1.778339147567749,0.0,cnn_experiments_data/arrays/cifar_8_pure_logits_greedy_5_baseline_2025-11-30.npz,0.9975233880586762,4.581166666666666,0.9860442943906567,0.9551916325415608,0.04480836745843919,0.04222519114489358,0.04222519114489358,0.2278728670737709,0.9994791666666667,4.726770833333333,0.8456666666666667
CIFAR,8,pure_logits,greedy_5_temp_pool_then_calibrate,5,4,0.4674632847309112,0.8510204081632653,,,1.778339147567749,0.0239355564117431,cnn_experiments_data/arrays/cifar_8_pure_logits_greedy_5_temp_pool_then_calibrate_2025-11-30.npz,0.9990845521516756,4.503,0.986116236783691,0.9552230909529535,0.044776909047046454,0.01578318558260796,0.01578318558260796,0.22405022874369956,0.9995833333333334,4.804791666666667,0.8456666666666667
CIFAR,8,pure_logits,greedy_5_temp_calibrate_then_pool,5,4,0.4729200899600982,0.949454394002499,1.0,1.0,1.778339147567749,4.452160835266113,cnn_experiments_data/arrays/cifar_8_pure_logits_greedy_5_temp_calibrate_then_pool_2025-11-30.npz,0.9980315976229037,4.529416666666667,0.9859858206707507,0.9550807882712851,0.044919211728714936,0.03670170522232851,0.03670170522232851,0.22745062140722938,0.9994791666666667,4.7634375,0.84575
CIFAR,8,pure_logits,greedy_5_post_calib,5,4,0.4386084079742431,1.1035401915868388,0.0,1.0,1.778339147567749,9.273285150527954,cnn_experiments_data/arrays/cifar_8_pure_logits_greedy_5_post_calib_2025-11-30.npz,0.9973263411627071,4.0761666666666665,0.9873115770553499,0.9574786289938481,0.04252137100615194,0.007817830085754374,0.007817830085754374,0.21577073886976286,0.9991666666666666,4.135833333333333,0.852
CIFAR,9,pure_logits,greedy_5_baseline,5,4,0.4776236116886139,,,,0.3854224681854248,0.0,cnn_experiments_data/arrays/cifar_9_pure_logits_greedy_5_baseline_2025-11-30.npz,0.9981766675820978,4.7015,0.9857802408594528,0.9549265733616433,0.04507342663835667,0.044412416150172544,0.044412416150172544,0.229168395486208,0.9991666666666666,5.146041666666667,0.8424166666666667
CIFAR,9,pure_logits,greedy_5_temp_pool_then_calibrate,5,4,0.4713701903820038,0.8510204081632653,,,0.3854224681854248,0.0236058235168457,cnn_experiments_data/arrays/cifar_9_pure_logits_greedy_5_temp_pool_then_calibrate_2025-11-30.npz,0.9993260285509822,4.593416666666666,0.9858935022902656,0.9547968868774812,0.04520311312251879,0.019696911382178467,0.019696911382178467,0.2251697858111254,0.9991666666666666,5.0408333333333335,0.8424166666666667
CIFAR,9,pure_logits,greedy_5_temp_calibrate_then_pool,5,4,0.4767399132251739,0.9337609329446064,1.0,1.0,0.3854224681854248,4.47357988357544,cnn_experiments_data/arrays/cifar_9_pure_logits_greedy_5_temp_calibrate_then_pool_2025-11-30.npz,0.9987565574710574,4.668583333333333,0.9857353924878838,0.954699895496224,0.04530010450377597,0.037107178484400136,0.037107178484400136,0.22854081103893736,0.9991666666666666,5.11625,0.842
CIFAR,9,pure_logits,greedy_5_post_calib,5,4,0.4505538642406463,1.0932944606413992,0.163265306122449,1.0,0.3854224681854248,9.791156530380247,cnn_experiments_data/arrays/cifar_9_pure_logits_greedy_5_post_calib_2025-11-30.npz,0.9981766675820978,4.473083333333333,0.9867453971391843,0.9563034578422459,0.04369654215775409,0.008028998990853605,0.008028998990853605,0.21922787578120573,0.9989583333333333,4.4734375,0.8449166666666666
MNIST10Epochs10_5L2Reg,0,pure_logits,greedy_5_baseline,5,5,0.0262303985655307,,,,0.078038215637207,0.0,cnn_experiments_data/arrays/mnist10epochs10_5l2reg_0_pure_logits_greedy_5_baseline_2025-11-30.npz,0.9866551233980249,1.0737857142857143,0.9999434799160335,0.9899085301648851,0.010091469835114886,0.0028488387167453404,0.0028488387167453404,0.012108836763099687,0.9996428571428572,1.1700892857142857,0.9928571428571429
MNIST10Epochs10_5L2Reg,0,pure_logits,greedy_5_temp_pool_then_calibrate,5,5,0.0262185502797365,1.0714285714285714,,,0.078038215637207,0.0335805416107177,cnn_experiments_data/arrays/mnist10epochs10_5l2reg_0_pure_logits_greedy_5_temp_pool_then_calibrate_2025-11-30.npz,0.9818738040176085,1.0735714285714286,0.9999433813736284,0.989909282519756,0.010090717480244038,0.0032158538784300065,0.0032158538784300065,0.012252826955682968,0.9996428571428572,1.1720535714285714,0.9928571428571429
MNIST10Epochs10_5L2Reg,0,pure_logits,greedy_5_temp_calibrate_then_pool,5,5,0.0256741717457771,1.3076551436901291,1.0,1.0,0.078038215637207,18.262677669525143,cnn_experiments_data/arrays/mnist10epochs10_5l2reg_0_pure_logits_greedy_5_temp_calibrate_then_pool_2025-11-30.npz,0.9690227498992263,1.0716428571428571,0.9999453218328412,0.9899132000939592,0.010086799906040778,0.003954910463520419,0.003954910463520419,0.012162894188054761,0.9996428571428572,1.1636607142857143,0.9929285714285714
MNIST10Epochs10_5L2Reg,0,pure_logits,greedy_5_post_calib,5,5,0.0234321635216474,1.6980924614743858,0.1765930862140775,1.0,0.078038215637207,13.563842058181764,cnn_experiments_data/arrays/mnist10epochs10_5l2reg_0_pure_logits_greedy_5_post_calib_2025-11-30.npz,0.9771939142407526,1.0672857142857144,0.9999539565250408,0.9899312487226185,0.010068751277381494,0.0011398411967924913,0.0011398411967924913,0.011471118197267222,0.9995535714285714,1.1058035714285714,0.9927142857142857
MNIST10Epochs10_5L2Reg,1,pure_logits,greedy_5_baseline,5,4,0.0290548801422119,,,,0.0193915367126464,0.0,cnn_experiments_data/arrays/mnist10epochs10_5l2reg_1_pure_logits_greedy_5_baseline_2025-11-30.npz,0.992191306592376,1.0859285714285714,0.9999058053634734,0.989752092547605,0.010247907452395011,0.002844279559595286,0.002844279559595286,0.01310188284589994,1.0,4.2908035714285715,0.9916428571428572
MNIST10Epochs10_5L2Reg,1,pure_logits,greedy_5_temp_pool_then_calibrate,5,4,0.0290029887109994,1.0163265306122449,,,0.0193915367126464,0.0282733440399169,cnn_experiments_data/arrays/mnist10epochs10_5l2reg_1_pure_logits_greedy_5_temp_pool_then_calibrate_2025-11-30.npz,0.9915700228248736,1.0860714285714286,0.999908538374936,0.9897875578866532,0.01021244211334682,0.0028550196566751594,0.0028550196566751594,0.013129784005600425,1.0,2.8048214285714286,0.9916428571428572
MNIST10Epochs10_5L2Reg,1,pure_logits,greedy_5_temp_calibrate_then_pool,5,4,0.0281333532184362,1.1961016243231986,1.0,1.0,0.0193915367126464,4.6950843334198,cnn_experiments_data/arrays/mnist10epochs10_5l2reg_1_pure_logits_greedy_5_temp_calibrate_then_pool_2025-11-30.npz,0.9832096927272072,1.0822857142857143,0.9999099394297891,0.9897863432447016,0.010213656755298395,0.0031191036616052916,0.0031191036616052916,0.01304227709432325,1.0,2.989017857142857,0.9922142857142857
MNIST10Epochs10_5L2Reg,1,pure_logits,greedy_5_post_calib,5,4,0.0247352570295333,1.5865389421074554,0.0,1.0,0.0193915367126464,11.506167888641356,cnn_experiments_data/arrays/mnist10epochs10_5l2reg_1_pure_logits_greedy_5_post_calib_2025-11-30.npz,0.9832096927272072,1.0618571428571428,0.9999214334609295,0.9898208148588258,0.010179185141174218,0.0011499134855611096,0.0011499134855611096,0.011811971820623195,1.0,2.1878571428571427,0.9922142857142857
MNIST10Epochs10_5L2Reg,2,pure_logits,greedy_5_baseline,5,4,0.0311736240983009,,,,0.0186915397644042,0.0,cnn_experiments_data/arrays/mnist10epochs10_5l2reg_2_pure_logits_greedy_5_baseline_2025-11-30.npz,0.9978749854496547,1.121357142857143,0.99992106415822,0.9898022067794706,0.010197793220529383,0.003172325174723375,0.003172325174723375,0.013619996984569055,0.9986607142857142,1.1075892857142857,0.9912142857142857
MNIST10Epochs10_5L2Reg,2,pure_logits,greedy_5_temp_pool_then_calibrate,5,4,0.031054351478815,1.0163265306122449,,,0.0186915397644042,0.0311346054077148,cnn_experiments_data/arrays/mnist10epochs10_5l2reg_2_pure_logits_greedy_5_temp_pool_then_calibrate_2025-11-30.npz,0.9977059127281483,1.1222857142857143,0.9999210974154819,0.989803385468768,0.010196614531231996,0.0031453798839024133,0.0031453798839024133,0.013638538922774708,0.9986607142857142,1.1073214285714286,0.9912142857142857
MNIST10Epochs10_5L2Reg,2,pure_logits,greedy_5_temp_calibrate_then_pool,5,4,0.0297889094799757,1.2057476051645146,1.0,1.0,0.0186915397644042,5.600391864776611,cnn_experiments_data/arrays/mnist10epochs10_5l2reg_2_pure_logits_greedy_5_temp_calibrate_then_pool_2025-11-30.npz,0.9946747716526181,1.1219285714285714,0.9999218123253314,0.9898065719435275,0.010193428056472498,0.0029090138333184466,0.0029090138333184466,0.013548423158394572,0.9986607142857142,1.099732142857143,0.9912857142857143
MNIST10Epochs10_5L2Reg,2,pure_logits,greedy_5_post_calib,5,4,0.0278460700064897,1.4535443565181176,0.5597667638483965,1.0,0.0186915397644042,10.159530639648438,cnn_experiments_data/arrays/mnist10epochs10_5l2reg_2_pure_logits_greedy_5_post_calib_2025-11-30.npz,0.995767527418137,1.1225714285714286,0.9999262464011756,0.989818159781702,0.010181840218298044,0.0021168687386172325,0.0021168687386172325,0.012681165518166766,0.9984821428571429,1.0689285714285715,0.992
MNIST10Epochs10_5L2Reg,3,pure_logits,greedy_5_baseline,5,4,0.0224649533629417,,,,0.0178554058074951,0.0,cnn_experiments_data/arrays/mnist10epochs10_5l2reg_3_pure_logits_greedy_5_baseline_2025-11-30.npz,0.9788747077456621,1.055,0.9999706586289466,0.9899567350707381,0.010043264929261886,0.0018849479321922332,0.0018849479321922332,0.010789891257103014,0.9994642857142857,1.0696428571428571,0.9932142857142857
MNIST10Epochs10_5L2Reg,3,pure_logits,greedy_5_temp_pool_then_calibrate,5,4,0.0224843211472034,1.0714285714285714,,,0.0178554058074951,0.0266444683074951,cnn_experiments_data/arrays/mnist10epochs10_5l2reg_3_pure_logits_greedy_5_temp_pool_then_calibrate_2025-11-30.npz,0.9713057528362042,1.0540714285714285,0.9999706560419265,0.9899567350707381,0.010043264929261886,0.0025233661702701482,0.0025233661702701482,0.010909286526587141,0.9994642857142857,1.070625,0.9932142857142857
MNIST10Epochs10_5L2Reg,3,pure_logits,greedy_5_temp_calibrate_then_pool,5,4,0.0222060550004243,1.3076551436901291,1.0,1.0,0.0178554058074951,13.765856981277466,cnn_experiments_data/arrays/mnist10epochs10_5l2reg_3_pure_logits_greedy_5_temp_calibrate_then_pool_2025-11-30.npz,0.9428485727976632,1.0474285714285714,0.9999712570830581,0.9899588093514876,0.010041190648512388,0.0033922281158821482,0.0033922281158821482,0.01083451351418571,0.9994642857142857,1.0717857142857143,0.9933571428571428
MNIST10Epochs10_5L2Reg,3,pure_logits,greedy_5_post_calib,5,4,0.0202949605882167,1.5865389421074554,0.0,1.0,0.0178554058074951,29.302958488464355,cnn_experiments_data/arrays/mnist10epochs10_5l2reg_3_pure_logits_greedy_5_post_calib_2025-11-30.npz,0.9690227498992263,1.0455,0.9999731836730588,0.9899572937502138,0.010042706249786204,0.001131076674376244,0.001131076674376244,0.009923844311221137,0.9990178571428572,1.0524107142857142,0.9937142857142857
MNIST10Epochs10_5L2Reg,4,pure_logits,greedy_5_baseline,5,5,0.0238418541848659,,,,0.0255477428436279,0.0,cnn_experiments_data/arrays/mnist10epochs10_5l2reg_4_pure_logits_greedy_5_baseline_2025-11-30.npz,0.9665581041966967,1.0502857142857143,0.9999537061051136,0.9899059239833108,0.010094076016689213,0.0018863926742758133,0.0018863926742758133,0.01179267387363981,1.0,1.28375,0.9918571428571429
MNIST10Epochs10_5L2Reg,4,pure_logits,greedy_5_temp_pool_then_calibrate,5,5,0.023885665461421,1.0714285714285714,,,0.0255477428436279,0.0334234237670898,cnn_experiments_data/arrays/mnist10epochs10_5l2reg_4_pure_logits_greedy_5_temp_pool_then_calibrate_2025-11-30.npz,0.9610249264065008,1.0520714285714285,0.9999536504546,0.989903773622502,0.010096226377497963,0.0021467619964054916,0.0021467619964054916,0.011865033393344951,1.0,1.2834821428571428,0.9918571428571429
MNIST10Epochs10_5L2Reg,4,pure_logits,greedy_5_temp_calibrate_then_pool,5,5,0.0236258897930383,1.2417825905872553,1.0,1.0,0.0255477428436279,8.794175863265991,cnn_experiments_data/arrays/mnist10epochs10_5l2reg_4_pure_logits_greedy_5_temp_calibrate_then_pool_2025-11-30.npz,0.9428485727976632,1.0472142857142857,0.9999550097907848,0.9899081763087292,0.010091823691270818,0.0024978390953370733,0.0024978390953370733,0.011776961571834393,1.0,1.2779464285714286,0.9919285714285714
MNIST10Epochs10_5L2Reg,4,pure_logits,greedy_5_post_calib,5,5,0.022344522178173,1.5993336109954188,0.3865056226572261,1.0,0.0255477428436279,11.345096588134766,cnn_experiments_data/arrays/mnist10epochs10_5l2reg_4_pure_logits_greedy_5_post_calib_2025-11-30.npz,0.9665581041966967,1.0487857142857142,0.999962044117086,0.9899240663930173,0.010075933606982668,0.0013474445257867828,0.0013474445257867828,0.011472735749955672,0.9998214285714285,1.1523214285714285,0.9919285714285714
MNIST10Epochs10_5L2Reg,5,pure_logits,greedy_5_baseline,5,5,0.0297283697873353,,,,0.0281531810760498,0.0,cnn_experiments_data/arrays/mnist10epochs10_5l2reg_5_pure_logits_greedy_5_baseline_2025-11-30.npz,0.9946747716526181,1.1085714285714285,0.999894759428205,0.9898248444886514,0.010175155511348621,0.0038903023132256555,0.0038903023132256555,0.012015811412900998,0.999375,1.1842857142857144,0.9923571428571428
MNIST10Epochs10_5L2Reg,5,pure_logits,greedy_5_temp_pool_then_calibrate,5,5,0.0296799913048744,1.0163265306122449,,,0.0281531810760498,0.0491604804992675,cnn_experiments_data/arrays/mnist10epochs10_5l2reg_5_pure_logits_greedy_5_temp_pool_then_calibrate_2025-11-30.npz,0.9942510800363944,1.1087857142857143,0.999894798498033,0.9898263178502734,0.010173682149726582,0.003882347828575527,0.003882347828575527,0.01205799443041265,0.999375,1.184732142857143,0.9923571428571428
MNIST10Epochs10_5L2Reg,5,pure_logits,greedy_5_temp_calibrate_then_pool,5,5,0.0285868346691131,1.231686797167847,1.0,1.0,0.0281531810760498,6.8529133796691895,cnn_experiments_data/arrays/mnist10epochs10_5l2reg_5_pure_logits_greedy_5_temp_calibrate_then_pool_2025-11-30.npz,0.9893935394612752,1.1137857142857144,0.9998962460305553,0.9898304574002494,0.010169542599750558,0.004566000768116525,0.004566000768116525,0.012059577085748596,0.9992857142857143,1.1760714285714287,0.9925
MNIST10Epochs10_5L2Reg,5,pure_logits,greedy_5_post_calib,5,5,0.025211114436388,1.615826738858809,0.2448979591836734,1.0,0.0281531810760498,20.574673414230347,cnn_experiments_data/arrays/mnist10epochs10_5l2reg_5_pure_logits_greedy_5_post_calib_2025-11-30.npz,0.9901752286196761,1.0935,0.9999170322433617,0.989875619517001,0.010124380482999018,0.001410450149859728,0.001410450149859728,0.01114175346844321,0.9991964285714285,1.1399107142857143,0.9927857142857143
MNIST10Epochs10_5L2Reg,6,pure_logits,greedy_5_baseline,5,4,0.0269744265824556,,,,0.0211091041564941,0.0,cnn_experiments_data/arrays/mnist10epochs10_5l2reg_6_pure_logits_greedy_5_baseline_2025-11-30.npz,0.9855933637950631,1.0742142857142858,0.9999327890500946,0.9898558695158809,0.010144130484119107,0.0029373657980135944,0.0029373657980135944,0.01218694230769457,0.99875,1.0680357142857142,0.9918571428571429
MNIST10Epochs10_5L2Reg,6,pure_logits,greedy_5_temp_pool_then_calibrate,5,4,0.027126308530569,1.126530612244898,,,0.0211091041564941,0.0308895111083984,cnn_experiments_data/arrays/mnist10epochs10_5l2reg_6_pure_logits_greedy_5_temp_pool_then_calibrate_2025-11-30.npz,0.9771939142407526,1.0747142857142857,0.9999329231879225,0.9898580126946999,0.010141987305300137,0.0038789852964026873,0.0038789852964026873,0.012484813582985749,0.99875,1.0688392857142857,0.9918571428571429
MNIST10Epochs10_5L2Reg,6,pure_logits,greedy_5_temp_calibrate_then_pool,5,4,0.0263173226267099,1.3182007496876302,1.0,1.0,0.0211091041564941,11.381056547164915,cnn_experiments_data/arrays/mnist10epochs10_5l2reg_6_pure_logits_greedy_5_temp_calibrate_then_pool_2025-11-30.npz,0.9690227498992263,1.0751428571428572,0.9999351471263023,0.9898696404821113,0.010130359517888654,0.004194048210978459,0.004194048210978459,0.012171530913092986,0.99875,1.0699107142857143,0.9920714285714286
MNIST10Epochs10_5L2Reg,6,pure_logits,greedy_5_post_calib,5,4,0.0236189421266317,1.6831486880466473,0.4897959183673469,1.0,0.0211091041564941,10.684483289718628,cnn_experiments_data/arrays/mnist10epochs10_5l2reg_6_pure_logits_greedy_5_post_calib_2025-11-30.npz,0.9771939142407526,1.0722142857142858,0.9999456989601319,0.9899070944293418,0.010092905570658228,0.0023824251868895573,0.0023824251868895573,0.011318400138511875,0.9994642857142857,1.1169642857142856,0.9927857142857143
MNIST10Epochs10_5L2Reg,7,pure_logits,greedy_5_baseline,5,5,0.0280965156853199,,,,0.018369436264038,0.0,cnn_experiments_data/arrays/mnist10epochs10_5l2reg_7_pure_logits_greedy_5_baseline_2025-11-30.npz,0.9855933637950631,1.0787857142857142,0.9999211305578019,0.9898266540796447,0.010173345920355348,0.003036902715052856,0.003036902715052856,0.01221184433023672,0.9991071428571429,1.118125,0.9925714285714285
MNIST10Epochs10_5L2Reg,7,pure_logits,greedy_5_temp_pool_then_calibrate,5,5,0.0284374002367258,0.9061224489795918,,,0.018369436264038,0.028228759765625,cnn_experiments_data/arrays/mnist10epochs10_5l2reg_7_pure_logits_greedy_5_temp_pool_then_calibrate_2025-11-30.npz,0.9908993078017677,1.0785714285714285,0.9999193262894159,0.9898272791635551,0.010172720836444937,0.0029687004493815176,0.0029687004493815176,0.012014667418267067,0.9991071428571429,1.116875,0.9925714285714285
MNIST10Epochs10_5L2Reg,7,pure_logits,greedy_5_temp_calibrate_then_pool,5,5,0.027644844725728,1.1035401915868388,1.0,1.0,0.018369436264038,14.572072982788086,cnn_experiments_data/arrays/mnist10epochs10_5l2reg_7_pure_logits_greedy_5_temp_calibrate_then_pool_2025-11-30.npz,0.9804316278758956,1.0782142857142858,0.9999216279155348,0.9898240360889795,0.010175963911020491,0.003179593162877238,0.003179593162877238,0.012240134932421338,0.9991071428571429,1.1205357142857142,0.9925714285714285
MNIST10Epochs10_5L2Reg,7,pure_logits,greedy_5_post_calib,5,5,0.0259281303733587,1.4535443565181176,0.3498542274052478,1.0,0.018369436264038,17.1104793548584,cnn_experiments_data/arrays/mnist10epochs10_5l2reg_7_pure_logits_greedy_5_post_calib_2025-11-30.npz,0.9908993078017677,1.0799285714285713,0.9999307779204812,0.9898409125255294,0.010159087474470585,0.0024436046587569455,0.0024436046587569455,0.011879872080376585,0.9998214285714285,1.2850892857142857,0.9924285714285714
MNIST10Epochs10_5L2Reg,8,pure_logits,greedy_5_baseline,5,4,0.024588095024228,,,,0.0191714763641357,0.0,cnn_experiments_data/arrays/mnist10epochs10_5l2reg_8_pure_logits_greedy_5_baseline_2025-11-30.npz,0.9713057528362042,1.0499285714285713,0.9999382781853339,0.989840693771385,0.01015930622861505,0.0023836838177272437,0.0023836838177272437,0.01129897565493177,0.9996428571428572,1.1909821428571428,0.9922142857142857
MNIST10Epochs10_5L2Reg,8,pure_logits,greedy_5_temp_pool_then_calibrate,5,4,0.0248725097626447,1.236734693877551,,,0.0191714763641357,0.0279874801635742,cnn_experiments_data/arrays/mnist10epochs10_5l2reg_8_pure_logits_greedy_5_temp_pool_then_calibrate_2025-11-30.npz,0.9383014287164605,1.0480714285714285,0.9999382631228808,0.9898385434105763,0.01016145658942369,0.004238574323909626,0.004238574323909626,0.011719523953044833,0.9996428571428572,1.1896428571428572,0.9922142857142857
MNIST10Epochs10_5L2Reg,8,pure_logits,greedy_5_temp_calibrate_then_pool,5,4,0.0242770016193389,1.4630903790087464,1.0,1.0,0.0191714763641357,13.772310733795166,cnn_experiments_data/arrays/mnist10epochs10_5l2reg_8_pure_logits_greedy_5_temp_calibrate_then_pool_2025-11-30.npz,0.9333924998066478,1.0489285714285714,0.9999409938523401,0.9898481754964784,0.01015182450352159,0.003975140712090849,0.003975140712090849,0.011382839487946553,0.9996428571428572,1.187857142857143,0.9925714285714285
MNIST10Epochs10_5L2Reg,8,pure_logits,greedy_5_post_calib,5,4,0.0221154224127531,1.7804581424406498,0.2448979591836734,1.0,0.0191714763641357,20.02385973930359,cnn_experiments_data/arrays/mnist10epochs10_5l2reg_8_pure_logits_greedy_5_post_calib_2025-11-30.npz,0.9753793916128501,1.0667142857142857,0.9999486110270872,0.9898812793578048,0.010118720642195211,0.0020870723830802244,0.0020870723830802244,0.010463748156223376,0.9997321428571428,1.1665178571428572,0.9929285714285714
MNIST10Epochs10_5L2Reg,9,pure_logits,greedy_5_baseline,5,4,0.0305873900651931,,,,0.0238635540008544,0.0,cnn_experiments_data/arrays/mnist10epochs10_5l2reg_9_pure_logits_greedy_5_baseline_2025-11-30.npz,0.9885496566989003,1.072,0.9998492884838655,0.9898255328238447,0.010174467176155333,0.0020509528560298017,0.0020509528560298017,0.013137839647177994,0.9992857142857143,1.1224107142857143,0.9919285714285714
MNIST10Epochs10_5L2Reg,9,pure_logits,greedy_5_temp_pool_then_calibrate,5,4,0.0300987400114536,1.236734693877551,,,0.0238635540008544,0.0324387550354003,cnn_experiments_data/arrays/mnist10epochs10_5l2reg_9_pure_logits_greedy_5_temp_pool_then_calibrate_2025-11-30.npz,0.9771939142407526,1.0775714285714286,0.9998493357948129,0.9898292032947981,0.010170796705201934,0.004073664243732132,0.004073664243732132,0.013545097887887596,0.999375,1.1227678571428572,0.9919285714285714
MNIST10Epochs10_5L2Reg,9,pure_logits,greedy_5_temp_calibrate_then_pool,5,4,0.0290056373924016,1.4393002915451896,1.0,1.0,0.0238635540008544,14.19077205657959,cnn_experiments_data/arrays/mnist10epochs10_5l2reg_9_pure_logits_greedy_5_temp_calibrate_then_pool_2025-11-30.npz,0.9713057528362042,1.0784285714285715,0.9998507391070899,0.9898352826978097,0.010164717302190263,0.00448102318176198,0.00448102318176198,0.013169555911184705,0.9992857142857143,1.1175,0.9920714285714286
MNIST10Epochs10_5L2Reg,9,pure_logits,greedy_5_post_calib,5,4,0.0269465148448944,1.6707038733860893,0.6097459391920034,1.0,0.0238635540008544,9.199867010116575,cnn_experiments_data/arrays/mnist10epochs10_5l2reg_9_pure_logits_greedy_5_post_calib_2025-11-30.npz,0.9771939142407526,1.0787857142857142,0.9998547167449109,0.9898524448244544,0.010147555175545553,0.0023721743353775043,0.0023721743353775043,0.01241968020610934,0.9994642857142857,1.146875,0.992
MNIST40Epochs10_4L2Reg,0,pure_logits,greedy_5_baseline,5,4,0.0247668363153934,,,,0.1909291744232177,0.0,cnn_experiments_data/arrays/mnist40epochs10_4l2reg_0_pure_logits_greedy_5_baseline_2025-11-30.npz,0.9876386320173118,1.0746428571428572,0.9999494195106005,0.9899105905484306,0.010089409451569442,0.0021468916492803063,0.0021468916492803063,0.01155012268006247,0.9998214285714285,1.2229464285714287,0.9925714285714285
MNIST40Epochs10_4L2Reg,0,pure_logits,greedy_5_temp_pool_then_calibrate,5,4,0.0249792765825986,1.126530612244898,,,0.1909291744232177,0.0301992893218994,cnn_experiments_data/arrays/mnist40epochs10_4l2reg_0_pure_logits_greedy_5_temp_pool_then_calibrate_2025-11-30.npz,0.9804316278758956,1.0756428571428571,0.9999494258953447,0.9899105832590719,0.010089416740928114,0.0037315665994371323,0.0037315665994371323,0.011807891164884348,0.9998214285714285,1.224017857142857,0.9925714285714285
MNIST40Epochs10_4L2Reg,0,pure_logits,greedy_5_temp_calibrate_then_pool,5,4,0.024485258385539,1.297109537692628,1.0,1.0,0.1909291744232177,4.345640420913696,cnn_experiments_data/arrays/mnist40epochs10_4l2reg_0_pure_logits_greedy_5_temp_calibrate_then_pool_2025-11-30.npz,0.954576248590888,1.0572142857142857,0.9999513396374352,0.9899174837935424,0.010082516206457615,0.003904661898102091,0.003904661898102091,0.011593910024491729,0.9998214285714285,1.2408928571428572,0.9927142857142857
MNIST40Epochs10_4L2Reg,0,pure_logits,greedy_5_post_calib,5,4,0.022625034675002,1.6433152852977928,0.2448979591836734,1.0,0.1909291744232177,7.802397966384888,cnn_experiments_data/arrays/mnist40epochs10_4l2reg_0_pure_logits_greedy_5_post_calib_2025-11-30.npz,0.9818738040176085,1.0710714285714287,0.9999581777154996,0.9899386668426499,0.010061333157350139,0.0014455873370170721,0.0014455873370170721,0.010840225372081742,0.9998214285714285,1.1291071428571429,0.9935
MNIST40Epochs10_4L2Reg,1,pure_logits,greedy_5_baseline,5,4,0.0297626983374357,,,,0.0148653984069824,0.0,cnn_experiments_data/arrays/mnist40epochs10_4l2reg_1_pure_logits_greedy_5_baseline_2025-11-30.npz,0.9927668021552672,1.092142857142857,0.9999102763107605,0.9897548522268026,0.010245147773197405,0.0036425129366773014,0.0036425129366773014,0.01301823713530506,1.0,1.5738392857142858,0.9917142857142857
MNIST40Epochs10_4L2Reg,1,pure_logits,greedy_5_temp_pool_then_calibrate,5,4,0.0299754124134778,0.9612244897959183,,,0.0148653984069824,0.0222432613372802,cnn_experiments_data/arrays/mnist40epochs10_4l2reg_1_pure_logits_greedy_5_temp_pool_then_calibrate_2025-11-30.npz,0.9942510800363944,1.093,0.9999102774973275,0.9897549065800639,0.010245093419936069,0.003281869692461786,0.003281869692461786,0.012946593752212777,1.0,1.5766071428571429,0.9917142857142857
MNIST40Epochs10_4L2Reg,1,pure_logits,greedy_5_temp_calibrate_then_pool,5,4,0.0289221927523612,1.149521032902957,1.0,1.0,0.0148653984069824,3.899994134902954,cnn_experiments_data/arrays/mnist40epochs10_4l2reg_1_pure_logits_greedy_5_temp_calibrate_then_pool_2025-11-30.npz,0.9866551233980249,1.0892142857142857,0.9999109046909925,0.9897575720611655,0.010242427938834453,0.003960448050073264,0.003960448050073264,0.013014309992456634,1.0,1.5519642857142857,0.9918571428571429
MNIST40Epochs10_4L2Reg,1,pure_logits,greedy_5_post_calib,5,4,0.0265039354562759,1.5481549354435653,0.0,1.0,0.0148653984069824,8.066341161727905,cnn_experiments_data/arrays/mnist40epochs10_4l2reg_1_pure_logits_greedy_5_post_calib_2025-11-30.npz,0.9866551233980249,1.0737142857142856,0.9999180426984058,0.9898029085049443,0.010197091495055655,0.0018737507441214476,0.0018737507441214476,0.012053728611629622,0.9999107142857143,1.4164285714285714,0.9927142857142857
MNIST40Epochs10_4L2Reg,2,pure_logits,greedy_5_baseline,5,4,0.026465781033039,,,,0.0145559310913085,0.0,cnn_experiments_data/arrays/mnist40epochs10_4l2reg_2_pure_logits_greedy_5_baseline_2025-11-30.npz,0.9885496566989003,1.0737142857142856,0.9999427495490687,0.9898830901905225,0.010116909809477548,0.0017743223884275515,0.0017743223884275515,0.012302992215727114,0.9988392857142857,1.0720535714285715,0.9918571428571429
MNIST40Epochs10_4L2Reg,2,pure_logits,greedy_5_temp_pool_then_calibrate,5,4,0.0266257654875516,0.9612244897959183,,,0.0145559310913085,0.0261502265930175,cnn_experiments_data/arrays/mnist40epochs10_4l2reg_2_pure_logits_greedy_5_temp_pool_then_calibrate_2025-11-30.npz,0.9901752286196761,1.0727857142857142,0.9999428014031932,0.9898823758333724,0.010117624166627648,0.0015525730358702987,0.0015525730358702987,0.012274888530923091,0.9988392857142857,1.071875,0.9918571428571429
MNIST40Epochs10_4L2Reg,2,pure_logits,greedy_5_temp_calibrate_then_pool,5,4,0.0259181000292301,1.149521032902957,1.0,1.0,0.0145559310913085,4.019569873809815,cnn_experiments_data/arrays/mnist40epochs10_4l2reg_2_pure_logits_greedy_5_temp_calibrate_then_pool_2025-11-30.npz,0.9804316278758956,1.0717142857142856,0.9999436418765679,0.9898860931070685,0.010113906892931457,0.002211297867553615,0.002211297867553615,0.012266727545003018,0.9988392857142857,1.0686607142857143,0.992
MNIST40Epochs10_4L2Reg,2,pure_logits,greedy_5_post_calib,5,4,0.0241640582680702,1.4306538942107456,0.3631820074968763,1.0,0.0145559310913085,15.332526445388794,cnn_experiments_data/arrays/mnist40epochs10_4l2reg_2_pure_logits_greedy_5_post_calib_2025-11-30.npz,0.9844471273184587,1.0643571428571428,0.9999495122922643,0.9899007544389592,0.010099245561040804,0.0019822581931949156,0.0019822581931949156,0.011632408541039242,0.9983928571428572,1.0514285714285714,0.9922142857142857
MNIST40Epochs10_4L2Reg,3,pure_logits,greedy_5_baseline,5,5,0.0211246162652969,,,,0.0146718025207519,0.0,cnn_experiments_data/arrays/mnist40epochs10_4l2reg_3_pure_logits_greedy_5_baseline_2025-11-30.npz,0.9579239491627013,1.052142857142857,0.9999713732895122,0.9899631939802214,0.010036806019778632,0.003254141905478114,0.003254141905478114,0.01046597903482627,0.9991071428571429,1.059375,0.9937142857142857
MNIST40Epochs10_4L2Reg,3,pure_logits,greedy_5_temp_pool_then_calibrate,5,5,0.0209669433534145,0.9612244897959183,,,0.0146718025207519,0.0252606868743896,cnn_experiments_data/arrays/mnist40epochs10_4l2reg_3_pure_logits_greedy_5_temp_pool_then_calibrate_2025-11-30.npz,0.9610249264065008,1.0511428571428572,0.9999714320832188,0.989963201419876,0.010036798580123962,0.0028455469310284076,0.0028455469310284076,0.010379922826975762,0.9991071428571429,1.058482142857143,0.9937142857142857
MNIST40Epochs10_4L2Reg,3,pure_logits,greedy_5_temp_calibrate_then_pool,5,5,0.0213652122765779,1.1768096626405664,1.0,1.0,0.0146718025207519,4.011143684387207,cnn_experiments_data/arrays/mnist40epochs10_4l2reg_3_pure_logits_greedy_5_temp_calibrate_then_pool_2025-11-30.npz,0.9428485727976632,1.0512142857142857,0.9999717886215492,0.9899669153184203,0.010033084681579707,0.004222300586955853,0.004222300586955853,0.01051111457422068,0.9991071428571429,1.0590178571428572,0.9936428571428572
MNIST40Epochs10_4L2Reg,3,pure_logits,greedy_5_post_calib,5,5,0.0192094463855028,1.4987755102040818,0.3498542274052478,1.0,0.0146718025207519,16.76484513282776,cnn_experiments_data/arrays/mnist40epochs10_4l2reg_3_pure_logits_greedy_5_post_calib_2025-11-30.npz,0.9610249264065008,1.0415714285714286,0.9999742916254315,0.9899691392062667,0.010030860793733276,0.0007546372477497058,0.0007546372477497058,0.009670512019924386,0.9990178571428572,1.0508035714285715,0.9935714285714285
MNIST40Epochs10_4L2Reg,4,pure_logits,greedy_5_baseline,5,4,0.0249617118388414,,,,0.0155389308929443,0.0,cnn_experiments_data/arrays/mnist40epochs10_4l2reg_4_pure_logits_greedy_5_baseline_2025-11-30.npz,0.9788747077456621,1.0567857142857142,0.9999475384740839,0.9898880112734292,0.01011198872657082,0.0009561487585305726,0.0009561487585305726,0.012161009525334606,0.9995535714285714,1.1352678571428572,0.9921428571428571
MNIST40Epochs10_4L2Reg,4,pure_logits,greedy_5_temp_pool_then_calibrate,5,4,0.0248399656265974,1.0714285714285714,,,0.0155389308929443,0.0231778621673584,cnn_experiments_data/arrays/mnist40epochs10_4l2reg_4_pure_logits_greedy_5_temp_pool_then_calibrate_2025-11-30.npz,0.9713057528362042,1.055642857142857,0.9999475646488121,0.9898871865468132,0.01011281345318682,0.0014981613946812235,0.0014981613946812235,0.012202771278404287,0.9995535714285714,1.1364285714285713,0.9921428571428571
MNIST40Epochs10_4L2Reg,4,pure_logits,greedy_5_temp_calibrate_then_pool,5,4,0.0243922136723995,1.2518783840066638,1.0,1.0,0.0155389308929443,7.925369501113892,cnn_experiments_data/arrays/mnist40epochs10_4l2reg_4_pure_logits_greedy_5_temp_calibrate_then_pool_2025-11-30.npz,0.954576248590888,1.0519285714285713,0.9999492809078753,0.9898963312597662,0.010103668740233829,0.001895506892885457,0.001895506892885457,0.012079050270676888,0.9996428571428572,1.1445535714285715,0.9920714285714286
MNIST40Epochs10_4L2Reg,4,pure_logits,greedy_5_post_calib,5,4,0.0233256854116916,1.615826738858809,0.0,1.0,0.0155389308929443,17.03787636756897,cnn_experiments_data/arrays/mnist40epochs10_4l2reg_4_pure_logits_greedy_5_post_calib_2025-11-30.npz,0.9818738040176085,1.0675,0.9999554142598353,0.9899006354345062,0.010099364565493762,0.0018617751555782944,0.0018617751555782944,0.011706006541640383,0.9997321428571428,1.2111607142857144,0.9922857142857143
MNIST40Epochs10_4L2Reg,5,pure_logits,greedy_5_baseline,5,3,0.0299007706344127,,,,0.0156841278076171,0.0,cnn_experiments_data/arrays/mnist40epochs10_4l2reg_5_pure_logits_greedy_5_baseline_2025-11-30.npz,0.992191306592376,1.0872857142857142,0.9998967505920977,0.9898502345840793,0.01014976541592072,0.002521001537995682,0.002521001537995682,0.01302042270331686,0.9985714285714286,1.0715178571428572,0.9915714285714285
MNIST40Epochs10_4L2Reg,5,pure_logits,greedy_5_temp_pool_then_calibrate,5,3,0.030732313171029,0.9061224489795918,,,0.0156841278076171,0.0410308837890625,cnn_experiments_data/arrays/mnist40epochs10_4l2reg_5_pure_logits_greedy_5_temp_pool_then_calibrate_2025-11-30.npz,0.995067237475685,1.0850714285714285,0.9998969364942187,0.9898487442271592,0.010151255772840817,0.0021113982424139583,0.0021113982424139583,0.012944051427407618,0.9985714285714286,1.0709821428571429,0.9915714285714285
MNIST40Epochs10_4L2Reg,5,pure_logits,greedy_5_temp_calibrate_then_pool,5,3,0.0294132567942142,1.0583090379008746,1.0,1.0,0.0156841278076171,5.209094047546387,cnn_experiments_data/arrays/mnist40epochs10_4l2reg_5_pure_logits_greedy_5_temp_calibrate_then_pool_2025-11-30.npz,0.9901752286196761,1.0874285714285714,0.9998974569018063,0.9898498263799935,0.010150173620006475,0.0023219348511525216,0.0023219348511525216,0.012984813794203883,0.9985714285714286,1.070892857142857,0.9915714285714285
MNIST40Epochs10_4L2Reg,5,pure_logits,greedy_5_post_calib,5,3,0.0265349205583333,1.3076551436901291,0.3431903373594336,1.0,0.0156841278076171,16.957739114761353,cnn_experiments_data/arrays/mnist40epochs10_4l2reg_5_pure_logits_greedy_5_post_calib_2025-11-30.npz,0.9832096927272072,1.0542857142857143,0.999920071112227,0.9898830229888457,0.010116977011154327,0.0024175211574349867,0.0024175211574349867,0.01221930646674488,0.9985714285714286,1.0477678571428573,0.9922142857142857
MNIST40Epochs10_4L2Reg,6,pure_logits,greedy_5_baseline,5,5,0.0239295493811368,,,,0.0216791629791259,0.0,cnn_experiments_data/arrays/mnist40epochs10_4l2reg_6_pure_logits_greedy_5_baseline_2025-11-30.npz,0.9383014287164605,1.0455714285714286,0.9999429290111799,0.9898963611115565,0.010103638888443456,0.003556356004306254,0.003556356004306254,0.011045254328665741,0.9996428571428572,1.1595535714285714,0.9938571428571429
MNIST40Epochs10_4L2Reg,6,pure_logits,greedy_5_temp_pool_then_calibrate,5,5,0.0241332612931728,1.0714285714285714,,,0.0216791629791259,0.0233097076416015,cnn_experiments_data/arrays/mnist40epochs10_4l2reg_6_pure_logits_greedy_5_temp_pool_then_calibrate_2025-11-30.npz,0.9280930013497567,1.0457142857142858,0.9999428215998826,0.9898953277800199,0.010104672219980126,0.004330222053187239,0.004330222053187239,0.01124308555586424,0.9996428571428572,1.1586607142857144,0.9938571428571429
MNIST40Epochs10_4L2Reg,6,pure_logits,greedy_5_temp_calibrate_then_pool,5,5,0.0239077471196651,1.3076551436901291,1.0,1.0,0.0216791629791259,4.289854288101196,cnn_experiments_data/arrays/mnist40epochs10_4l2reg_6_pure_logits_greedy_5_temp_calibrate_then_pool_2025-11-30.npz,0.9223718584262055,1.048142857142857,0.999944002445789,0.989902381534226,0.01009761846577395,0.0051554641532046835,0.0051554641532046835,0.011185921145357717,0.9996428571428572,1.1519642857142858,0.994
MNIST40Epochs10_4L2Reg,6,pure_logits,greedy_5_post_calib,5,5,0.0221243444830179,1.697292794668888,0.2448979591836734,1.0,0.0216791629791259,16.115273475646973,cnn_experiments_data/arrays/mnist40epochs10_4l2reg_6_pure_logits_greedy_5_post_calib_2025-11-30.npz,0.9734204999598582,1.0566428571428572,0.9999455300937191,0.9899067193589297,0.01009328064107029,0.0012726158946752511,0.0012726158946752511,0.01051296175279995,0.9995535714285714,1.1770535714285715,0.9933571428571428
MNIST40Epochs10_4L2Reg,7,pure_logits,greedy_5_baseline,5,4,0.0268422793596982,,,,0.0208923816680908,0.0,cnn_experiments_data/arrays/mnist40epochs10_4l2reg_7_pure_logits_greedy_5_baseline_2025-11-30.npz,0.9954307788259918,1.085,0.9999373970844617,0.9898669855165091,0.01013301448349091,0.002164011022874333,0.002164011022874333,0.011956375076953936,0.9998214285714285,1.2779464285714286,0.9923571428571428
MNIST40Epochs10_4L2Reg,7,pure_logits,greedy_5_temp_pool_then_calibrate,5,4,0.0267336517572402,1.0163265306122449,,,0.0208923816680908,0.0242080688476562,cnn_experiments_data/arrays/mnist40epochs10_4l2reg_7_pure_logits_greedy_5_temp_pool_then_calibrate_2025-11-30.npz,0.995067237475685,1.0852857142857142,0.9999373694113244,0.9898669855165091,0.01013301448349091,0.0021545534857681545,0.0021545534857681545,0.011967592331764077,0.9998214285714285,1.2785714285714285,0.9923571428571428
MNIST40Epochs10_4L2Reg,7,pure_logits,greedy_5_temp_calibrate_then_pool,5,4,0.0258808825165033,1.1575177009579345,1.0,1.0,0.0208923816680908,3.696503639221192,cnn_experiments_data/arrays/mnist40epochs10_4l2reg_7_pure_logits_greedy_5_temp_calibrate_then_pool_2025-11-30.npz,0.992191306592376,1.0882142857142858,0.9999378358242043,0.9898683432369646,0.010131656763035402,0.0018948047267538983,0.0018948047267538983,0.011916677161831157,0.9998214285714285,1.2863392857142857,0.9923571428571428
MNIST40Epochs10_4L2Reg,7,pure_logits,greedy_5_post_calib,5,4,0.0245058890432119,1.4511953352769682,0.3731778425655977,1.0,0.0208923816680908,16.87259840965271,cnn_experiments_data/arrays/mnist40epochs10_4l2reg_7_pure_logits_greedy_5_post_calib_2025-11-30.npz,0.9908993078017677,1.0742857142857143,0.9999387482591355,0.9898675574046228,0.010132442595377156,0.0026298802835601235,0.0026298802835601235,0.011638042561354986,0.9998214285714285,1.2883928571428571,0.9924285714285714
MNIST40Epochs10_4L2Reg,8,pure_logits,greedy_5_baseline,5,5,0.0236171353608369,,,,0.0137145519256591,0.0,cnn_experiments_data/arrays/mnist40epochs10_4l2reg_8_pure_logits_greedy_5_baseline_2025-11-30.npz,0.9771939142407526,1.0607857142857142,0.9999265166131236,0.9898520856663854,0.010147914333614616,0.0028453731536865713,0.0028453731536865713,0.010236676068734057,0.9998214285714285,1.3340178571428571,0.9937142857142857
MNIST40Epochs10_4L2Reg,8,pure_logits,greedy_5_temp_pool_then_calibrate,5,5,0.0239364616572856,1.126530612244898,,,0.0137145519256591,0.0231566429138183,cnn_experiments_data/arrays/mnist40epochs10_4l2reg_8_pure_logits_greedy_5_temp_pool_then_calibrate_2025-11-30.npz,0.9665581041966967,1.0622142857142858,0.9999263332711719,0.9898520856663854,0.010147914333614616,0.004178413084575085,0.004178413084575085,0.010556730153172713,0.9998214285714285,1.3376785714285715,0.9937142857142857
MNIST40Epochs10_4L2Reg,8,pure_logits,greedy_5_temp_calibrate_then_pool,5,5,0.0234845485538244,1.3076551436901291,1.0,1.0,0.0137145519256591,3.740691184997559,cnn_experiments_data/arrays/mnist40epochs10_4l2reg_8_pure_logits_greedy_5_temp_calibrate_then_pool_2025-11-30.npz,0.9579239491627013,1.0618571428571428,0.9999277760758698,0.9898509687750273,0.010149031224972682,0.004244254584823365,0.004244254584823365,0.010387946896097129,0.9998214285714285,1.3657142857142857,0.9937857142857143
MNIST40Epochs10_4L2Reg,8,pure_logits,greedy_5_post_calib,5,5,0.0211248379200696,1.6555601832569764,0.326530612244898,1.0,0.0137145519256591,17.522087335586548,cnn_experiments_data/arrays/mnist40epochs10_4l2reg_8_pure_logits_greedy_5_post_calib_2025-11-30.npz,0.9734204999598582,1.0610714285714287,0.9999352630747319,0.9898353156303492,0.01016468436965079,0.0016947599372693807,0.0016947599372693807,0.009725059950419,0.9998214285714285,1.3740178571428572,0.9935
MNIST40Epochs10_4L2Reg,9,pure_logits,greedy_5_baseline,5,5,0.0287029761821031,,,,0.0145072937011718,0.0,cnn_experiments_data/arrays/mnist40epochs10_4l2reg_9_pure_logits_greedy_5_baseline_2025-11-30.npz,0.9734204999598582,1.0669285714285714,0.9998924082131984,0.9898967229526505,0.01010327704734948,0.002884422572595705,0.002884422572595705,0.012963681905229542,0.9988392857142857,1.0651785714285715,0.9917142857142857
MNIST40Epochs10_4L2Reg,9,pure_logits,greedy_5_temp_pool_then_calibrate,5,5,0.0287647638469934,1.0714285714285714,,,0.0145072937011718,0.0246286392211914,cnn_experiments_data/arrays/mnist40epochs10_4l2reg_9_pure_logits_greedy_5_temp_pool_then_calibrate_2025-11-30.npz,0.9665581041966967,1.067,0.9998922306938566,0.9898966922442883,0.010103307755711666,0.004127393720405448,0.004127393720405448,0.013134208113880606,0.99875,1.065267857142857,0.9917142857142857
MNIST40Epochs10_4L2Reg,9,pure_logits,greedy_5_temp_calibrate_then_pool,5,5,0.0281180292367935,1.231686797167847,1.0,1.0,0.0145072937011718,8.672731161117554,cnn_experiments_data/arrays/mnist40epochs10_4l2reg_9_pure_logits_greedy_5_temp_calibrate_then_pool_2025-11-30.npz,0.9610249264065008,1.0690714285714287,0.9998936723740943,0.9899004581627107,0.010099541837289339,0.004158151503120152,0.004158151503120152,0.012985725458014958,0.9986607142857142,1.0655357142857143,0.9918571428571429
MNIST40Epochs10_4L2Reg,9,pure_logits,greedy_5_post_calib,5,5,0.0256074778735637,1.53076218242399,0.5797584339858393,1.0,0.0145072937011718,12.79796814918518,cnn_experiments_data/arrays/mnist40epochs10_4l2reg_9_pure_logits_greedy_5_post_calib_2025-11-30.npz,0.9638973636691187,1.0602142857142858,0.9998977066031698,0.9899068047235686,0.010093195276431377,0.0018442558028868182,0.0018442558028868182,0.012205004217515929,0.9994642857142857,1.0992857142857142,0.9919285714285714
CIFAR100,0,pure_logits,greedy_5_baseline,5,5,1.605440974235535,,,,0.1470916271209716,0.0,cnn_experiments_data/arrays/cifar100_0_pure_logits_greedy_5_baseline_2025-11-30.npz,0.9971136166070437,40.881166666666665,0.9795776533719258,0.792227892892292,0.207772107107708,0.09422744157289466,0.09422744157289466,0.5774214759924737,0.9986458333333333,40.16802083333334,0.5635833333333333
CIFAR100,0,pure_logits,greedy_5_temp_pool_then_calibrate,5,5,1.581676721572876,0.8510204081632653,,,0.1470916271209716,0.1264917850494384,cnn_experiments_data/arrays/cifar100_0_pure_logits_greedy_5_temp_pool_then_calibrate_2025-11-30.npz,0.9992145156189742,41.263333333333335,0.9798348803409127,0.7932425683595312,0.20675743164046878,0.04094215838362774,0.04094215838362774,0.5657740715798079,0.9986458333333333,40.6678125,0.5635833333333333
CIFAR100,0,pure_logits,greedy_5_temp_calibrate_then_pool,5,5,1.599035143852234,0.8950270720533111,1.0,1.0,0.1470916271209716,66.25677132606506,cnn_experiments_data/arrays/cifar100_0_pure_logits_greedy_5_temp_calibrate_then_pool_2025-11-30.npz,0.9988481983667569,42.21091666666667,0.979418371538696,0.7926823134515434,0.20731768654845661,0.07034714488312602,0.07034714488312602,0.5727661914143003,0.99875,41.1778125,0.5640833333333334
CIFAR100,0,pure_logits,greedy_5_post_calib,5,5,1.520845651626587,0.9651478550603916,0.0,1.0,0.1470916271209716,128.47762751579285,cnn_experiments_data/arrays/cifar100_0_pure_logits_greedy_5_post_calib_2025-11-30.npz,0.9988481983667569,40.035333333333334,0.9816470637417843,0.7972442488627158,0.20275575113728417,0.009168135821819303,0.009168135821819303,0.5546435095686699,0.9988541666666667,39.87979166666667,0.5709166666666666
CIFAR100,1,pure_logits,greedy_5_baseline,5,5,1.6028990745544434,,,,0.1321179866790771,0.0,cnn_experiments_data/arrays/cifar100_1_pure_logits_greedy_5_baseline_2025-11-30.npz,0.9989330853887797,52.17541666666666,0.9789998506572338,0.7961649095475998,0.20383509045240022,0.1016622168639054,0.1016622168639054,0.5741623568077366,0.9986458333333333,50.678958333333334,0.5685833333333333
CIFAR100,1,pure_logits,greedy_5_temp_pool_then_calibrate,5,5,1.5735706090927124,0.8510204081632653,,,0.1321179866790771,0.1333756446838379,cnn_experiments_data/arrays/cifar100_1_pure_logits_greedy_5_temp_pool_then_calibrate_2025-11-30.npz,0.9997508750957141,52.37533333333333,0.9792999733067478,0.7971458233730061,0.2028541766269939,0.043983343716710796,0.043983343716710796,0.5615016744737221,0.9990625,53.022083333333335,0.5685833333333333
CIFAR100,1,pure_logits,greedy_5_temp_calibrate_then_pool,5,5,1.590718388557434,0.87533527696793,1.0,1.0,0.1321179866790771,66.34650540351868,cnn_experiments_data/arrays/cifar100_1_pure_logits_greedy_5_temp_calibrate_then_pool_2025-11-30.npz,0.99963469359981,52.18958333333333,0.9788806031874495,0.7960754232288919,0.2039245767711081,0.06836945196613671,0.06836945196613671,0.5675746711802659,0.99875,51.3896875,0.5679166666666666
CIFAR100,1,pure_logits,greedy_5_post_calib,5,5,1.533416986465454,0.9416076634735528,0.0,1.0,0.1321179866790771,130.60125946998596,cnn_experiments_data/arrays/cifar100_1_pure_logits_greedy_5_post_calib_2025-11-30.npz,0.9997096557702463,52.29325,0.980589715496675,0.7998627169774355,0.2001372830225645,0.01473815635591745,0.01473815635591745,0.5531159704985713,0.9990625,53.13072916666667,0.5736666666666667
CIFAR100,2,pure_logits,greedy_5_baseline,5,5,1.6098110675811768,,,,0.1007134914398193,0.0,cnn_experiments_data/arrays/cifar100_2_pure_logits_greedy_5_baseline_2025-11-30.npz,0.9985508218684769,47.1755,0.9782017872546582,0.7896150907049215,0.21038490929507847,0.08131320903853824,0.08131320903853824,0.5756246783377732,0.9983333333333333,44.63885416666667,0.5629166666666666
CIFAR100,2,pure_logits,greedy_5_temp_pool_then_calibrate,5,5,1.5935221910476685,0.8510204081632653,,,0.1007134914398193,0.1387224197387695,cnn_experiments_data/arrays/cifar100_2_pure_logits_greedy_5_temp_pool_then_calibrate_2025-11-30.npz,0.99963469359981,47.10358333333333,0.9784483205532126,0.7904838955560234,0.20951610444397661,0.03051030677556992,0.03051030677556992,0.566190622623986,0.9982291666666666,43.82822916666667,0.5629166666666666
CIFAR100,2,pure_logits,greedy_5_temp_calibrate_then_pool,5,5,1.6046061515808103,0.9098209079550188,1.0,1.0,0.1007134914398193,66.01957106590271,cnn_experiments_data/arrays/cifar100_2_pure_logits_greedy_5_temp_calibrate_then_pool_2025-11-30.npz,0.9993260285509822,47.54658333333333,0.9781451824643291,0.7898683194167715,0.2101316805832285,0.05859074119602641,0.05859074119602641,0.5718217851960515,0.9983333333333333,44.291354166666665,0.5631666666666667
CIFAR100,2,pure_logits,greedy_5_post_calib,5,5,1.5448099374771118,0.980841316118284,0.0,1.0,0.1007134914398193,131.85868000984192,cnn_experiments_data/arrays/cifar100_2_pure_logits_greedy_5_post_calib_2025-11-30.npz,0.9993260285509822,46.400333333333336,0.9796919124078783,0.7942552484752756,0.20574475152472438,0.009229248686383161,0.009229248686383161,0.5572000223865546,0.9982291666666666,42.741458333333334,0.57
CIFAR100,3,pure_logits,greedy_5_baseline,5,5,1.6263997554779053,,,,0.1098003387451171,0.0,cnn_experiments_data/arrays/cifar100_3_pure_logits_greedy_5_baseline_2025-11-30.npz,0.9986576253426299,50.230916666666666,0.9781283004577688,0.7902992134576322,0.2097007865423678,0.09669397317618132,0.09669397317618132,0.5793517749158563,0.9982291666666666,47.92552083333333,0.5645833333333333
CIFAR100,3,pure_logits,greedy_5_temp_pool_then_calibrate,5,5,1.601181149482727,0.8510204081632653,,,0.1098003387451171,0.1183550357818603,cnn_experiments_data/arrays/cifar100_3_pure_logits_greedy_5_temp_pool_then_calibrate_2025-11-30.npz,0.9996056286942291,48.8965,0.9784350453397799,0.7913882622919363,0.20861173770806374,0.03895707553873459,0.03895707553873459,0.5676751226941457,0.9980208333333334,46.93239583333333,0.5645833333333333
CIFAR100,3,pure_logits,greedy_5_temp_calibrate_then_pool,5,5,1.6185139417648315,0.87533527696793,1.0,1.0,0.1098003387451171,65.1603376865387,cnn_experiments_data/arrays/cifar100_3_pure_logits_greedy_5_temp_calibrate_then_pool_2025-11-30.npz,0.9994643298854351,49.24033333333333,0.9779770855803881,0.790235831430929,0.20976416856907099,0.06366060513009629,0.06366060513009629,0.5736629125633593,0.998125,47.94135416666666,0.5639166666666666
CIFAR100,3,pure_logits,greedy_5_post_calib,5,5,1.5438621044158936,0.949454394002499,0.0,1.0,0.1098003387451171,130.05691981315613,cnn_experiments_data/arrays/cifar100_3_pure_logits_greedy_5_post_calib_2025-11-30.npz,0.9993260285509822,45.86691666666667,0.9801255117150639,0.7950891647602736,0.20491083523972642,0.012334569043790291,0.012334569043790291,0.5571051819084287,0.9985416666666667,44.5203125,0.5688333333333333
CIFAR100,4,pure_logits,greedy_5_baseline,5,5,1.6235114336013794,,,,0.1344068050384521,0.0,cnn_experiments_data/arrays/cifar100_4_pure_logits_greedy_5_baseline_2025-11-30.npz,0.9984355207800187,47.07383333333333,0.9784032263341355,0.7890003411533556,0.2109996588466444,0.09508129323894779,0.09508129323894779,0.5809736641005152,0.9994791666666667,51.65802083333333,0.5624166666666667
CIFAR100,4,pure_logits,greedy_5_temp_pool_then_calibrate,5,5,1.6004843711853027,0.8510204081632653,,,0.1344068050384521,0.1531813144683838,cnn_experiments_data/arrays/cifar100_4_pure_logits_greedy_5_temp_pool_then_calibrate_2025-11-30.npz,0.9995742512949827,46.587583333333335,0.978694198744178,0.7902155497513639,0.20978445024863612,0.04068109096959234,0.04068109096959234,0.569297040324345,0.9995833333333334,53.00510416666667,0.5624166666666667
CIFAR100,4,pure_logits,greedy_5_temp_calibrate_then_pool,5,5,1.6182005405426023,0.9098209079550188,1.0,1.0,0.1344068050384521,68.38752388954163,cnn_experiments_data/arrays/cifar100_4_pure_logits_greedy_5_temp_calibrate_then_pool_2025-11-30.npz,0.9992724053006923,47.59825,0.978271303788973,0.7891051524898798,0.21089484751012022,0.07269434560835361,0.07269434560835361,0.5769080112052202,0.9994791666666667,53.008854166666666,0.562
CIFAR100,4,pure_logits,greedy_5_post_calib,5,5,1.533969759941101,0.980841316118284,0.0,1.0,0.1344068050384521,133.4065546989441,cnn_experiments_data/arrays/cifar100_4_pure_logits_greedy_5_post_calib_2025-11-30.npz,0.9992145156189742,44.46933333333333,0.9806040364062898,0.794955204409806,0.20504479559019395,0.011133989767481893,0.011133989767481893,0.5573651076861214,0.999375,48.247083333333336,0.569
CIFAR100,5,pure_logits,greedy_5_baseline,5,5,1.6241240501403809,,,,0.1124324798583984,0.0,cnn_experiments_data/arrays/cifar100_5_pure_logits_greedy_5_baseline_2025-11-30.npz,0.9987565574710574,49.9735,0.9781231777629431,0.7910328949849966,0.20896710501500337,0.09623388390305142,0.09623388390305142,0.579039599186511,0.9988541666666667,49.82395833333333,0.5643333333333334
CIFAR100,5,pure_logits,greedy_5_temp_pool_then_calibrate,5,5,1.6011850833892822,0.8510204081632653,,,0.1124324798583984,0.1386458873748779,cnn_experiments_data/arrays/cifar100_5_pure_logits_greedy_5_temp_pool_then_calibrate_2025-11-30.npz,0.9996865550864933,49.74483333333333,0.9784264442927594,0.7919656130405658,0.20803438695943421,0.04217650835774839,0.04217650835774839,0.5674643679692961,0.99875,48.212916666666665,0.5643333333333334
CIFAR100,5,pure_logits,greedy_5_temp_calibrate_then_pool,5,5,1.617504596710205,0.8950270720533111,1.0,1.0,0.1124324798583984,68.43021583557129,cnn_experiments_data/arrays/cifar100_5_pure_logits_greedy_5_temp_calibrate_then_pool_2025-11-30.npz,0.9994643298854351,49.76125,0.978007485462474,0.7908352090187587,0.2091647909812413,0.06957873641947905,0.06957873641947905,0.5741270340186502,0.9986458333333333,48.870625,0.5636666666666666
CIFAR100,5,pure_logits,greedy_5_post_calib,5,5,1.5418710708618164,0.9651478550603916,0.0,1.0,0.1124324798583984,135.0054416656494,cnn_experiments_data/arrays/cifar100_5_pure_logits_greedy_5_post_calib_2025-11-30.npz,0.9991520200553654,44.46908333333333,0.9800312891225859,0.7959969822941249,0.20400301770587514,0.014294323049485684,0.014294323049485684,0.5565958243502258,0.9979166666666667,40.6221875,0.5705833333333333
CIFAR100,6,pure_logits,greedy_5_baseline,5,5,1.601450800895691,,,,0.1319210529327392,0.0,cnn_experiments_data/arrays/cifar100_6_pure_logits_greedy_5_baseline_2025-11-30.npz,0.9991520200553654,51.894083333333334,0.978998742839746,0.7909723884779642,0.20902761152203575,0.08609384990980226,0.08609384990980226,0.575210949512576,0.999375,58.940416666666664,0.56625
CIFAR100,6,pure_logits,greedy_5_temp_pool_then_calibrate,5,5,1.58294415473938,0.8510204081632653,,,0.1319210529327392,0.1396641731262207,cnn_experiments_data/arrays/cifar100_6_pure_logits_greedy_5_temp_pool_then_calibrate_2025-11-30.npz,0.999769235437136,50.53925,0.9792069674650583,0.7918223106378918,0.20817768936210823,0.031467991981655355,0.031467991981655355,0.5655665236957925,0.9995833333333334,58.01125,0.56625
CIFAR100,6,pure_logits,greedy_5_temp_calibrate_then_pool,5,5,1.5955945253372192,0.9098209079550188,1.0,1.0,0.1319210529327392,66.43303775787354,cnn_experiments_data/arrays/cifar100_6_pure_logits_greedy_5_temp_calibrate_then_pool_2025-11-30.npz,0.9996056286942291,51.836,0.9789022636140138,0.7909257329203642,0.20907426707963583,0.06234437372970085,0.06234437372970085,0.5713911391589481,0.9994791666666667,58.56885416666667,0.5661666666666667
CIFAR100,6,pure_logits,greedy_5_post_calib,5,5,1.5395673513412476,0.9729945855893378,0.163265306122449,1.0,0.1319210529327392,134.03531575202942,cnn_experiments_data/arrays/cifar100_6_pure_logits_greedy_5_post_calib_2025-11-30.npz,0.9995038084201928,48.47741666666667,0.9804521781578083,0.7944409669411644,0.2055590330588356,0.009827141963566337,0.009827141963566337,0.5579678983055474,0.9996875,57.8378125,0.5694166666666667
CIFAR100,7,pure_logits,greedy_5_baseline,5,5,1.6093212366104126,,,,0.136603832244873,0.0,cnn_experiments_data/arrays/cifar100_7_pure_logits_greedy_5_baseline_2025-11-30.npz,0.9984355207800187,47.85508333333333,0.9790613952492007,0.7893083330813464,0.2106916669186536,0.10619205671114226,0.10619205671114226,0.5802763020495683,1.0,71.44114583333334,0.5684166666666667
CIFAR100,7,pure_logits,greedy_5_temp_pool_then_calibrate,5,5,1.5805562734603882,0.8510204081632653,,,0.136603832244873,0.1460733413696289,cnn_experiments_data/arrays/cifar100_7_pure_logits_greedy_5_temp_pool_then_calibrate_2025-11-30.npz,0.9995403774129317,46.781416666666665,0.9793713994654212,0.7904854943275148,0.2095145056724852,0.04488747351492445,0.04488747351492445,0.5673366697867682,0.9998958333333333,70.27875,0.5684166666666667
CIFAR100,7,pure_logits,greedy_5_temp_calibrate_then_pool,5,5,1.598671555519104,0.8802332361516034,1.0,1.0,0.136603832244873,67.00864171981812,cnn_experiments_data/arrays/cifar100_7_pure_logits_greedy_5_temp_calibrate_then_pool_2025-11-30.npz,0.9994643298854351,48.71958333333333,0.9789650075610004,0.7898261797439339,0.21017382025606612,0.07458757823208967,0.07458757823208967,0.5740501986806389,1.0,70.95270833333333,0.5683333333333334
CIFAR100,7,pure_logits,greedy_5_post_calib,5,5,1.5312793254852295,0.949454394002499,0.0,1.0,0.136603832244873,130.76377487182617,cnn_experiments_data/arrays/cifar100_7_pure_logits_greedy_5_post_calib_2025-11-30.npz,0.9995742512949827,49.14075,0.9806242444494476,0.7930451438400931,0.20695485615990694,0.01545079202515384,0.01545079202515384,0.5579561763432843,0.9998958333333333,63.963541666666664,0.57075
CIFAR100,8,pure_logits,greedy_5_baseline,5,5,1.6402645111083984,,,,0.1350953578948974,0.0,cnn_experiments_data/arrays/cifar100_8_pure_logits_greedy_5_baseline_2025-11-30.npz,0.9981766675820978,46.11783333333333,0.9775757349931908,0.7837803478656852,0.21621965213431482,0.08792994766496123,0.08792994766496123,0.5841078493236764,1.0,86.08791666666667,0.5578333333333333
CIFAR100,8,pure_logits,greedy_5_temp_pool_then_calibrate,5,5,1.6207706928253174,0.8510204081632653,,,0.1350953578948974,0.1440272331237793,cnn_experiments_data/arrays/cifar100_8_pure_logits_greedy_5_temp_pool_then_calibrate_2025-11-30.npz,0.9995038084201928,45.817,0.977869108515788,0.7848846382480639,0.21511536175193613,0.032759358072032535,0.032759358072032535,0.573631640409714,1.0,85.99489583333333,0.5578333333333333
CIFAR100,8,pure_logits,greedy_5_temp_calibrate_then_pool,5,5,1.6358681917190552,0.9098209079550188,1.0,1.0,0.1350953578948974,68.98721265792847,cnn_experiments_data/arrays/cifar100_8_pure_logits_greedy_5_temp_calibrate_then_pool_2025-11-30.npz,0.9990845521516756,46.0685,0.9774621660966099,0.7838970296708028,0.21610297032919723,0.06552816434701285,0.06552816434701285,0.5803151432214161,1.0,86.29802083333334,0.55775
CIFAR100,8,pure_logits,greedy_5_post_calib,5,5,1.5583200454711914,0.9729945855893378,0.0,1.0,0.1350953578948974,132.38400602340698,cnn_experiments_data/arrays/cifar100_8_pure_logits_greedy_5_post_calib_2025-11-30.npz,0.9992145156189742,45.18691666666667,0.9797903888512177,0.7892069079310363,0.21079309206896368,0.012896158921221895,0.012896158921221895,0.5633680510561788,1.0,84.33364583333334,0.5650833333333334
CIFAR100,9,pure_logits,greedy_5_baseline,5,5,1.647012710571289,,,,0.1202795505523681,0.0,cnn_experiments_data/arrays/cifar100_9_pure_logits_greedy_5_baseline_2025-11-30.npz,0.9984355207800187,47.65525,0.9773989408253272,0.7834180305804225,0.21658196941957752,0.08903033853912105,0.08903033853912105,0.5858226196498688,0.9988541666666667,47.525416666666665,0.5586666666666666
CIFAR100,9,pure_logits,greedy_5_temp_pool_then_calibrate,5,5,1.6277228593826294,0.8510204081632653,,,0.1202795505523681,0.1338927745819091,cnn_experiments_data/arrays/cifar100_9_pure_logits_greedy_5_temp_pool_then_calibrate_2025-11-30.npz,0.9996056286942291,47.8105,0.9776396583663083,0.7845356082829689,0.21546439171703113,0.03315231963216017,0.03315231963216017,0.5756707951475927,0.9986458333333333,46.81760416666667,0.5586666666666666
CIFAR100,9,pure_logits,greedy_5_temp_calibrate_then_pool,5,5,1.6424866914749146,0.8802332361516034,1.0,1.0,0.1202795505523681,67.98098802566528,cnn_experiments_data/arrays/cifar100_9_pure_logits_greedy_5_temp_calibrate_then_pool_2025-11-30.npz,0.9994643298854351,48.500166666666665,0.9772126797798567,0.7836476082246379,0.21635239177536214,0.060018409659154705,0.060018409659154705,0.5809832761940473,0.99875,47.4903125,0.5584166666666667
CIFAR100,9,pure_logits,greedy_5_post_calib,5,5,1.571431040763855,0.949454394002499,0.0,1.0,0.1202795505523681,133.0876612663269,cnn_experiments_data/arrays/cifar100_9_pure_logits_greedy_5_post_calib_2025-11-30.npz,0.9993260285509822,44.897333333333336,0.9793963323229599,0.787367564930641,0.21263243506935903,0.014613819503535835,0.014613819503535835,0.5663507593085338,0.9992708333333333,47.61802083333333,0.5585
